epoch,time,train/box_loss,train/seg_loss,train/cls_loss,train/dfl_loss,train/sem_loss,metrics/precision(B),metrics/recall(B),metrics/mAP50(B),metrics/mAP50-95(B),metrics/precision(M),metrics/recall(M),metrics/mAP50(M),metrics/mAP50-95(M),val/box_loss,val/seg_loss,val/cls_loss,val/dfl_loss,val/sem_loss,lr/pg0,lr/pg1,lr/pg2
1,35.5074,2.97351,4.0727,3.27432,2.76146,0,0,0,0,0,0,0,0,0,2.46897,4.1479,4.41946,2.16917,0,3.28704e-05,3.28704e-05,0.0671625
2,63.3184,2.50493,3.35252,2.44711,2.20923,0,0,0,0,0,0,0,0,0,2.4707,4.01233,4.90595,2.40554,0,6.60726e-05,6.60726e-05,0.0338624
3,92.098,2.14927,3.13947,2.05217,1.97198,0,0.6157,0.40302,0.45003,0.20139,0.61082,0.35894,0.39198,0.15333,2.05941,3.45753,2.4415,1.8483,0,9.91429e-05,9.91429e-05,0.000562106
4,120.558,1.9584,3.01069,1.83602,1.83581,0,0.70626,0.4958,0.57239,0.28569,0.69329,0.47231,0.53774,0.24352,1.80242,3.18432,2.07374,1.65931,0,9.9406e-05,9.9406e-05,9.9406e-05
5,149.337,1.8339,2.87821,1.68662,1.73921,0,0.74139,0.51986,0.59983,0.30732,0.73653,0.48826,0.56809,0.25968,1.75458,3.10646,1.93542,1.62016,0,9.9208e-05,9.9208e-05,9.9208e-05
6,177.877,1.76169,2.79777,1.60816,1.69863,0,0.72829,0.52131,0.59728,0.27133,0.70736,0.51261,0.5783,0.24863,1.86714,3.0213,1.86966,1.6925,0,9.901e-05,9.901e-05,9.901e-05
7,210.04,1.69232,2.75525,1.52838,1.64653,0,0.72899,0.53697,0.60303,0.30758,0.71058,0.52653,0.58204,0.27522,1.73939,3.01493,1.87268,1.64023,0,9.8812e-05,9.8812e-05,9.8812e-05
8,242.153,1.66066,2.69634,1.48137,1.60867,0,0.76047,0.55088,0.63388,0.31455,0.74365,0.53755,0.61171,0.28245,1.75784,2.9652,1.76536,1.62049,0,9.8614e-05,9.8614e-05,9.8614e-05
9,274.052,1.61153,2.64816,1.42533,1.58027,0,0.79145,0.5706,0.65249,0.33825,0.7728,0.55407,0.62814,0.29967,1.69268,2.92313,1.70205,1.5865,0,9.8416e-05,9.8416e-05,9.8416e-05
10,306.71,1.56448,2.59665,1.38512,1.54831,0,0.76505,0.53958,0.62559,0.31748,0.75352,0.52769,0.6054,0.28611,1.72236,2.92481,1.72526,1.61988,0,9.8218e-05,9.8218e-05,9.8218e-05
11,339.023,1.55229,2.57389,1.35189,1.53038,0,0.78492,0.5793,0.66686,0.35081,0.77521,0.56248,0.64655,0.31266,1.66396,2.89622,1.6383,1.56938,0,9.802e-05,9.802e-05,9.802e-05
12,371.42,1.5234,2.52969,1.3163,1.5131,0,0.76157,0.59084,0.66425,0.32872,0.75553,0.58713,0.65334,0.30513,1.72429,2.81872,1.63892,1.62427,0,9.7822e-05,9.7822e-05,9.7822e-05
13,403.298,1.49043,2.47439,1.27412,1.48025,0,0.77377,0.57319,0.65278,0.31685,0.76854,0.55355,0.62852,0.2756,1.75759,3.09881,1.6145,1.63958,0,9.7624e-05,9.7624e-05,9.7624e-05
14,435.645,1.4828,2.46064,1.26276,1.47263,0,0.83648,0.60481,0.7043,0.38414,0.81835,0.58423,0.6755,0.34257,1.59855,2.77001,1.5006,1.51261,0,9.7426e-05,9.7426e-05,9.7426e-05
15,467.635,1.47348,2.45076,1.24567,1.46831,0,0.83204,0.61699,0.71207,0.36684,0.81526,0.60336,0.68564,0.33062,1.67995,2.76095,1.47882,1.58101,0,9.7228e-05,9.7228e-05,9.7228e-05
16,499.595,1.43249,2.41895,1.20591,1.44233,0,0.84749,0.62995,0.72967,0.39773,0.82647,0.61589,0.70567,0.35768,1.59625,2.67222,1.41867,1.51571,0,9.703e-05,9.703e-05,9.703e-05
17,532.173,1.43292,2.38188,1.19415,1.43648,0,0.80547,0.60423,0.7014,0.35831,0.7952,0.59235,0.68202,0.33421,1.69255,2.76624,1.4741,1.59784,0,9.6832e-05,9.6832e-05,9.6832e-05
18,564.473,1.42392,2.35899,1.1819,1.421,0,0.80618,0.61023,0.705,0.37283,0.7966,0.60298,0.68996,0.34742,1.64477,2.69707,1.46066,1.57415,0,9.6634e-05,9.6634e-05,9.6634e-05
19,596.524,1.4032,2.3491,1.17417,1.40803,0,0.81293,0.61206,0.71218,0.36768,0.80081,0.5938,0.68488,0.32295,1.65682,2.8918,1.43157,1.55763,0,9.6436e-05,9.6436e-05,9.6436e-05
20,628.766,1.396,2.32804,1.1435,1.40198,0,0.82462,0.62981,0.72971,0.39636,0.81995,0.61409,0.711,0.35781,1.59071,2.70081,1.37939,1.51194,0,9.6238e-05,9.6238e-05,9.6238e-05
21,660.741,1.37729,2.30569,1.12475,1.38683,0,0.8404,0.64772,0.74758,0.41144,0.83449,0.62395,0.72511,0.37539,1.57717,2.64111,1.33552,1.5116,0,9.604e-05,9.604e-05,9.604e-05
22,693.192,1.36239,2.27816,1.10638,1.37933,0,0.81747,0.64926,0.74593,0.39207,0.81403,0.62917,0.72429,0.36229,1.63254,2.65089,1.34481,1.55678,0,9.5842e-05,9.5842e-05,9.5842e-05
23,724.924,1.36388,2.25341,1.09718,1.37792,0,0.81985,0.61786,0.71494,0.35456,0.80406,0.61035,0.69511,0.32887,1.73178,2.74174,1.40346,1.63577,0,9.5644e-05,9.5644e-05,9.5644e-05
24,756.852,1.33801,2.25022,1.08285,1.35713,0,0.81459,0.63437,0.72863,0.38757,0.80737,0.62585,0.71128,0.35597,1.63811,2.79886,1.36195,1.57366,0,9.5446e-05,9.5446e-05,9.5446e-05
25,788.719,1.32932,2.23647,1.06593,1.35235,0,0.85291,0.64395,0.75004,0.39562,0.83795,0.62821,0.7254,0.35553,1.64954,2.73682,1.30681,1.56028,0,9.5248e-05,9.5248e-05,9.5248e-05
26,821.228,1.33478,2.22069,1.05973,1.35525,0,0.83842,0.637,0.73453,0.39566,0.82762,0.62364,0.71364,0.35051,1.63574,2.77147,1.32751,1.54762,0,9.505e-05,9.505e-05,9.505e-05
27,853.506,1.31816,2.2107,1.05681,1.33982,0,0.80349,0.65082,0.73215,0.39741,0.78831,0.63729,0.71177,0.35668,1.59802,2.73148,1.35508,1.5219,0,9.4852e-05,9.4852e-05,9.4852e-05
28,885.523,1.30692,2.1705,1.04254,1.33099,0,0.86402,0.64849,0.76284,0.4222,0.85015,0.63874,0.74341,0.38661,1.55944,2.59085,1.26186,1.49267,0,9.4654e-05,9.4654e-05,9.4654e-05
29,918.003,1.32333,2.19245,1.03083,1.34269,0,0.83486,0.65062,0.74269,0.39529,0.81585,0.64337,0.72651,0.35878,1.64838,2.71982,1.29251,1.55051,0,9.4456e-05,9.4456e-05,9.4456e-05
30,949.873,1.30113,2.17877,1.03715,1.32821,0,0.86398,0.64641,0.75388,0.40138,0.84189,0.62989,0.72631,0.35466,1.64708,2.84815,1.28602,1.55282,0,9.4258e-05,9.4258e-05,9.4258e-05
31,981.161,1.28852,2.17524,1.02048,1.31749,0,0.8586,0.66196,0.77254,0.43084,0.84439,0.64507,0.74675,0.38534,1.56586,2.69443,1.21534,1.47904,0,9.406e-05,9.406e-05,9.406e-05
32,1012.63,1.28596,2.15513,1.00225,1.31896,0,0.83817,0.65352,0.75034,0.38907,0.82775,0.6454,0.73307,0.35444,1.70693,2.782,1.29466,1.62119,0,9.3862e-05,9.3862e-05,9.3862e-05
33,1044.22,1.28397,2.14229,1.00019,1.31523,0,0.86431,0.65196,0.76283,0.41396,0.84524,0.64424,0.74092,0.36679,1.61299,2.81417,1.24226,1.53589,0,9.3664e-05,9.3664e-05,9.3664e-05
34,1075.68,1.27236,2.13137,0.99637,1.31111,0,0.82325,0.63758,0.73031,0.3728,0.80973,0.62434,0.70997,0.33567,1.70279,2.77761,1.32972,1.62525,0,9.3466e-05,9.3466e-05,9.3466e-05
35,1106.98,1.25164,2.11539,0.97345,1.29724,0,0.86485,0.65178,0.76552,0.44986,0.85228,0.62975,0.73927,0.39927,1.48568,2.58984,1.2559,1.42851,0,9.3268e-05,9.3268e-05,9.3268e-05
36,1138.72,1.26658,2.08911,0.97206,1.30708,0,0.82834,0.67672,0.76549,0.43191,0.80441,0.66657,0.74549,0.38818,1.54773,2.63293,1.22052,1.49303,0,9.307e-05,9.307e-05,9.307e-05
37,1170.53,1.25046,2.08041,0.9714,1.30008,0,0.84962,0.65004,0.74593,0.38628,0.83277,0.63961,0.72728,0.35093,1.71604,2.84035,1.26725,1.6455,0,9.2872e-05,9.2872e-05,9.2872e-05
38,1202.24,1.24584,2.06166,0.95458,1.29366,0,0.85476,0.67585,0.7727,0.42483,0.84467,0.6669,0.75659,0.39039,1.58537,2.67388,1.18905,1.51937,0,9.2674e-05,9.2674e-05,9.2674e-05
39,1233.75,1.24113,2.05971,0.94697,1.28468,0,0.81007,0.63314,0.72762,0.39165,0.79263,0.61951,0.70455,0.35251,1.65086,2.77746,1.31336,1.57738,0,9.2476e-05,9.2476e-05,9.2476e-05
40,1265.39,1.22963,2.04101,0.93878,1.27827,0,0.85769,0.65354,0.75371,0.40532,0.84515,0.64337,0.73628,0.37224,1.62583,2.71022,1.25537,1.54968,0,9.2278e-05,9.2278e-05,9.2278e-05
41,1296.95,1.22236,2.04917,0.93072,1.2763,0,0.8472,0.68,0.77419,0.42007,0.83364,0.6657,0.75236,0.37977,1.61073,2.6831,1.19403,1.52222,0,9.208e-05,9.208e-05,9.208e-05
42,1328.43,1.22522,2.02707,0.93503,1.2757,0,0.83017,0.66744,0.75091,0.37275,0.81188,0.64946,0.72671,0.33241,1.78981,2.92206,1.2559,1.69047,0,9.1882e-05,9.1882e-05,9.1882e-05
43,1359.52,1.21326,2.02833,0.91749,1.2666,0,0.8351,0.69012,0.77694,0.43029,0.83305,0.6628,0.7543,0.38807,1.57331,2.6584,1.18777,1.50522,0,9.1684e-05,9.1684e-05,9.1684e-05
44,1391.28,1.21051,2.02108,0.90662,1.26629,0,0.84695,0.69472,0.79183,0.46031,0.83316,0.68341,0.7707,0.41907,1.50154,2.54333,1.13726,1.43972,0,9.1486e-05,9.1486e-05,9.1486e-05
45,1422.73,1.19712,2.01018,0.898,1.25836,0,0.85574,0.70281,0.80094,0.44761,0.84463,0.68426,0.77625,0.40101,1.55637,2.71383,1.12553,1.48652,0,9.1288e-05,9.1288e-05,9.1288e-05
46,1454.5,1.2144,2.03455,0.91467,1.26816,0,0.84261,0.66541,0.76307,0.39739,0.83341,0.6483,0.73936,0.35685,1.70918,2.92173,1.20979,1.63786,0,9.109e-05,9.109e-05,9.109e-05
47,1485.82,1.19631,1.9935,0.89365,1.25859,0,0.84917,0.69121,0.78247,0.44097,0.84489,0.66454,0.75717,0.3992,1.57026,2.67475,1.18276,1.49188,0,9.0892e-05,9.0892e-05,9.0892e-05
48,1516.97,1.18968,1.98584,0.88714,1.24971,0,0.86936,0.70774,0.80713,0.46398,0.8578,0.69788,0.78586,0.41915,1.51187,2.5789,1.08353,1.44468,0,9.0694e-05,9.0694e-05,9.0694e-05
49,1549.37,1.18369,1.98517,0.87848,1.24515,0,0.84756,0.6744,0.77267,0.44392,0.8308,0.66106,0.751,0.39993,1.54015,2.64362,1.18659,1.46784,0,9.0496e-05,9.0496e-05,9.0496e-05
50,1581.3,1.18331,1.97443,0.88241,1.24559,0,0.8569,0.68755,0.78702,0.42486,0.84026,0.66803,0.75856,0.37932,1.6363,2.84548,1.15226,1.54735,0,9.0298e-05,9.0298e-05,9.0298e-05
51,1612.81,1.19564,1.98956,0.89634,1.2569,0,0.87778,0.70339,0.80686,0.45021,0.86938,0.68571,0.78557,0.41058,1.57295,2.63194,1.09967,1.50163,0,9.01e-05,9.01e-05,9.01e-05
52,1644.75,1.18374,1.98462,0.88471,1.2487,0,0.85038,0.69006,0.79106,0.44386,0.84099,0.67643,0.76829,0.40756,1.57775,2.62222,1.10179,1.50543,0,8.9902e-05,8.9902e-05,8.9902e-05
53,1676.34,1.17639,1.97768,0.86574,1.24094,0,0.86856,0.71876,0.80754,0.45152,0.85351,0.70571,0.78486,0.4067,1.57408,2.75217,1.06786,1.49533,0,8.9704e-05,8.9704e-05,8.9704e-05
54,1708.06,1.15727,1.93512,0.85834,1.2339,0,0.84069,0.65265,0.75783,0.40294,0.82171,0.65477,0.749,0.37878,1.68933,2.69194,1.19544,1.63233,0,8.9506e-05,8.9506e-05,8.9506e-05
55,1739.88,1.16442,1.93356,0.86019,1.23547,0,0.85217,0.68358,0.77793,0.43309,0.84153,0.66831,0.75759,0.39313,1.58605,2.67425,1.15587,1.51729,0,8.9308e-05,8.9308e-05,8.9308e-05
56,1771.36,1.14389,1.92687,0.8399,1.22814,0,0.85085,0.68475,0.77858,0.4123,0.83748,0.67556,0.76158,0.37587,1.6997,2.81621,1.1504,1.64783,0,8.911e-05,8.911e-05,8.911e-05
57,1802.5,1.15712,1.94463,0.85176,1.22871,0,0.87209,0.70179,0.80378,0.44149,0.85813,0.68571,0.77854,0.39461,1.59556,2.77606,1.07394,1.52093,0,8.8912e-05,8.8912e-05,8.8912e-05
58,1834.03,1.14842,1.91983,0.83989,1.22362,0,0.87054,0.69469,0.7973,0.44324,0.86272,0.68328,0.77434,0.39954,1.58397,2.67051,1.11049,1.51437,0,8.8714e-05,8.8714e-05,8.8714e-05
59,1865.2,1.15677,1.96342,0.84514,1.22692,0,0.85387,0.68803,0.78026,0.40827,0.83975,0.67459,0.76191,0.36793,1.69306,2.79859,1.14097,1.63202,0,8.8516e-05,8.8516e-05,8.8516e-05
60,1896.95,1.17526,1.93791,0.83964,1.2345,0,0.86,0.68803,0.78214,0.42069,0.84608,0.68214,0.76817,0.38537,1.66256,2.78804,1.12563,1.58649,0,8.8318e-05,8.8318e-05,8.8318e-05
61,1929.16,1.13514,1.88415,0.82321,1.21228,0,0.85172,0.67614,0.77381,0.41789,0.83747,0.66483,0.7545,0.37851,1.65073,2.75095,1.13182,1.58319,0,8.812e-05,8.812e-05,8.812e-05
62,1961.92,1.14161,1.90163,0.82119,1.22149,0,0.87205,0.72514,0.81698,0.46953,0.85722,0.71023,0.7917,0.41601,1.52409,2.68236,1.02583,1.4554,0,8.7922e-05,8.7922e-05,8.7922e-05
63,1994.41,1.13421,1.89825,0.82507,1.21319,0,0.86528,0.68658,0.78715,0.42888,0.85334,0.67643,0.77022,0.39238,1.6299,2.65789,1.11268,1.55272,0,8.7724e-05,8.7724e-05,8.7724e-05
64,2026.78,1.14604,1.89306,0.8229,1.22078,0,0.89032,0.68485,0.79927,0.44115,0.8636,0.68107,0.78184,0.39472,1.60739,2.76226,1.07658,1.53178,0,8.7526e-05,8.7526e-05,8.7526e-05
65,2059.09,1.13617,1.88181,0.82185,1.21749,0,0.8567,0.70027,0.79463,0.42546,0.84748,0.69274,0.77821,0.38334,1.65481,2.84146,1.08025,1.58778,0,8.7328e-05,8.7328e-05,8.7328e-05
66,2091.21,1.1135,1.84784,0.79959,1.2009,0,0.85155,0.70774,0.79537,0.43028,0.84477,0.70542,0.78268,0.39731,1.63682,2.67636,1.07263,1.56141,0,8.713e-05,8.713e-05,8.713e-05
67,2124.25,1.1221,1.8762,0.80119,1.2049,0,0.87479,0.69991,0.80063,0.46305,0.86287,0.69142,0.78034,0.41938,1.51378,2.59408,1.08929,1.44429,0,8.6932e-05,8.6932e-05,8.6932e-05
68,2156.41,1.11731,1.87131,0.80723,1.20458,0,0.86753,0.70687,0.80054,0.44137,0.85476,0.69991,0.78068,0.40148,1.60454,2.80409,1.06737,1.53539,0,8.6734e-05,8.6734e-05,8.6734e-05
69,2188.01,1.1192,1.88291,0.7951,1.20197,0,0.84288,0.68049,0.77328,0.42623,0.82644,0.67005,0.7498,0.37786,1.61223,2.79861,1.13618,1.5471,0,8.6536e-05,8.6536e-05,8.6536e-05
70,2219.55,1.10171,1.84523,0.78771,1.19709,0,0.87486,0.72195,0.81822,0.46495,0.86397,0.70716,0.79501,0.42059,1.54293,2.62592,1.0166,1.47284,0,8.6338e-05,8.6338e-05,8.6338e-05
71,2252.68,1.11275,1.84043,0.78632,1.19913,0,0.84943,0.67759,0.76872,0.40812,0.83085,0.67585,0.75312,0.37338,1.68544,2.72808,1.13562,1.5952,0,8.614e-05,8.614e-05,8.614e-05
72,2284.12,1.10159,1.8091,0.78665,1.18699,0,0.86212,0.72978,0.81503,0.46205,0.85079,0.72078,0.79547,0.41957,1.53927,2.69144,1.01427,1.4761,0,8.5942e-05,8.5942e-05,8.5942e-05
73,2316.38,1.09557,1.8354,0.78362,1.18536,0,0.85978,0.6831,0.78301,0.44356,0.84628,0.67237,0.76336,0.40398,1.56632,2.59271,1.11631,1.49378,0,8.5744e-05,8.5744e-05,8.5744e-05
74,2348.15,1.09213,1.83084,0.77238,1.18736,0,0.87091,0.69179,0.79048,0.438,0.85777,0.68136,0.76975,0.39305,1.58934,2.80094,1.08371,1.52657,0,8.5546e-05,8.5546e-05,8.5546e-05
75,2379.66,1.07761,1.78958,0.76721,1.17888,0,0.84815,0.69636,0.78367,0.42949,0.83846,0.68107,0.76583,0.39047,1.62248,2.76072,1.11444,1.56479,0,8.5348e-05,8.5348e-05,8.5348e-05
76,2411.25,1.0885,1.80781,0.76982,1.18548,0,0.8446,0.73275,0.8158,0.4673,0.84293,0.71383,0.79787,0.42413,1.53668,2.67971,1.00977,1.47731,0,8.515e-05,8.515e-05,8.515e-05
77,2443.79,1.08913,1.8007,0.76818,1.18203,0,0.86898,0.67701,0.7829,0.4348,0.86108,0.66676,0.76563,0.39956,1.59785,2.71428,1.0932,1.53447,0,8.4952e-05,8.4952e-05,8.4952e-05
78,2475.15,1.0887,1.80469,0.76873,1.18435,0,0.84885,0.72133,0.80597,0.44026,0.83983,0.70513,0.78559,0.40128,1.61398,2.75927,1.03034,1.53408,0,8.4754e-05,8.4754e-05,8.4754e-05
79,2506.37,1.09023,1.81707,0.7687,1.18562,0,0.85828,0.69411,0.79079,0.44116,0.84964,0.68484,0.77295,0.39659,1.58398,2.76176,1.0641,1.53034,0,8.4556e-05,8.4556e-05,8.4556e-05
80,2537.58,1.08128,1.81155,0.76403,1.18066,0,0.87764,0.70107,0.7997,0.47236,0.86131,0.68629,0.77595,0.42477,1.47433,2.62354,1.07049,1.42731,0,8.4358e-05,8.4358e-05,8.4358e-05
81,2568.83,1.06492,1.79958,0.74873,1.17141,0,0.88219,0.72311,0.82231,0.48104,0.86921,0.70524,0.79912,0.43409,1.49276,2.58081,0.987,1.4411,0,8.416e-05,8.416e-05,8.416e-05
82,2600.58,1.09028,1.78938,0.75903,1.18034,0,0.86033,0.69179,0.78072,0.41604,0.84326,0.67846,0.75923,0.37352,1.69668,2.79661,1.09494,1.60703,0,8.3962e-05,8.3962e-05,8.3962e-05
83,2631.56,1.0708,1.77784,0.75009,1.16817,0,0.87285,0.72051,0.81189,0.46896,0.8582,0.7054,0.78882,0.42524,1.51249,2.59731,1.02685,1.44975,0,8.3764e-05,8.3764e-05,8.3764e-05
84,2662.44,1.07958,1.78136,0.75629,1.17721,0,0.86578,0.71035,0.80498,0.45009,0.85623,0.70252,0.78711,0.40818,1.57227,2.64708,1.01451,1.51281,0,8.3566e-05,8.3566e-05,8.3566e-05
85,2693.59,1.0741,1.7862,0.75014,1.17296,0,0.85754,0.68065,0.78344,0.43588,0.84475,0.67051,0.76184,0.38946,1.5944,2.75632,1.0856,1.54052,0,8.3368e-05,8.3368e-05,8.3368e-05
86,2724.68,1.06607,1.78112,0.74481,1.17171,0,0.8826,0.70405,0.80402,0.44928,0.85564,0.70078,0.78374,0.41058,1.56452,2.71763,1.04875,1.51135,0,8.317e-05,8.317e-05,8.317e-05
87,2755.56,1.05063,1.75573,0.73252,1.16059,0,0.86228,0.72224,0.81188,0.45609,0.86099,0.70037,0.79063,0.41005,1.567,2.68248,1.02477,1.51178,0,8.2972e-05,8.2972e-05,8.2972e-05
88,2786.73,1.05521,1.76368,0.73498,1.16194,0,0.84799,0.71209,0.7954,0.44612,0.82654,0.70455,0.77401,0.40357,1.58171,2.6775,1.05758,1.51373,0,8.2774e-05,8.2774e-05,8.2774e-05
89,2817.34,1.06686,1.75365,0.74066,1.16523,0,0.87275,0.73123,0.82005,0.4778,0.84699,0.72717,0.8017,0.43286,1.49233,2.60854,0.99009,1.44384,0,8.2576e-05,8.2576e-05,8.2576e-05
90,2847.88,1.06374,1.77804,0.73592,1.16487,0,0.86919,0.69353,0.79464,0.44363,0.85703,0.686,0.77588,0.40656,1.58878,2.67615,1.05029,1.53043,0,8.2378e-05,8.2378e-05,8.2378e-05
91,2878.53,1.06111,1.75605,0.73387,1.16358,0,0.83535,0.67958,0.76853,0.40335,0.82053,0.67075,0.74779,0.36891,1.72686,2.79204,1.10575,1.65807,0,8.218e-05,8.218e-05,8.218e-05
92,2909.76,1.06473,1.75854,0.73717,1.16465,0,0.85355,0.70513,0.79511,0.43701,0.83954,0.68948,0.77079,0.39336,1.60706,2.79383,1.06461,1.54436,0,8.1982e-05,8.1982e-05,8.1982e-05
93,2940.88,1.05953,1.75653,0.72926,1.16252,0,0.85648,0.7089,0.79792,0.44772,0.8426,0.69692,0.77417,0.40324,1.56656,2.77647,1.03353,1.5032,0,8.1784e-05,8.1784e-05,8.1784e-05
94,2971.55,1.05217,1.76342,0.73164,1.15874,0,0.86205,0.72021,0.80614,0.46668,0.85422,0.70166,0.78292,0.41456,1.50958,2.72689,1.01375,1.45302,0,8.1586e-05,8.1586e-05,8.1586e-05
95,3002.59,1.03802,1.71577,0.71494,1.14982,0,0.845,0.70919,0.79399,0.44542,0.83247,0.69701,0.77531,0.40473,1.58135,2.71407,1.04497,1.51849,0,8.1388e-05,8.1388e-05,8.1388e-05
96,3033.55,1.05263,1.73345,0.72182,1.15427,0,0.84219,0.73471,0.80654,0.4567,0.83065,0.72311,0.78719,0.41607,1.56796,2.71883,1.00412,1.50561,0,8.119e-05,8.119e-05,8.119e-05
97,3065.45,1.04509,1.7183,0.71805,1.15488,0,0.83404,0.72224,0.79729,0.43339,0.81873,0.70774,0.77461,0.38852,1.63826,2.77,1.04452,1.57047,0,8.0992e-05,8.0992e-05,8.0992e-05
98,3096.42,1.04581,1.74304,0.71709,1.15358,0,0.83559,0.71615,0.7948,0.43223,0.82105,0.70368,0.77219,0.39161,1.63455,2.78011,1.04486,1.55472,0,8.0794e-05,8.0794e-05,8.0794e-05
99,3128.57,1.04291,1.72896,0.71617,1.14997,0,0.83707,0.71238,0.78901,0.44175,0.82503,0.7002,0.76663,0.39987,1.58086,2.65967,1.09316,1.51322,0,8.0596e-05,8.0596e-05,8.0596e-05
100,3160.24,1.03713,1.70663,0.70927,1.1436,0,0.8636,0.71064,0.79254,0.4566,0.85431,0.69875,0.77382,0.41305,1.5204,2.69366,1.06657,1.46083,0,8.0398e-05,8.0398e-05,8.0398e-05
101,3191.6,1.03214,1.70922,0.70981,1.1439,0,0.84765,0.69788,0.78413,0.4331,0.83896,0.68426,0.76101,0.39289,1.60817,2.76026,1.07538,1.54336,0,8.02e-05,8.02e-05,8.02e-05
102,3223.15,1.03068,1.70465,0.7066,1.14515,0,0.86344,0.68803,0.77894,0.42093,0.85027,0.67498,0.7591,0.38011,1.6677,2.89976,1.09702,1.59608,0,8.0002e-05,8.0002e-05,8.0002e-05
103,3254.67,1.0218,1.69114,0.70038,1.13949,0,0.85367,0.70426,0.79257,0.42958,0.84926,0.6889,0.77247,0.3957,1.66148,2.78454,1.04215,1.59207,0,7.9804e-05,7.9804e-05,7.9804e-05
104,3285.87,1.01648,1.70213,0.69655,1.13698,0,0.86942,0.69108,0.78594,0.44514,0.84871,0.68078,0.76412,0.403,1.56283,2.71471,1.08434,1.50546,0,7.9606e-05,7.9606e-05,7.9606e-05
105,3317.88,1.02324,1.70251,0.70011,1.14192,0,0.87894,0.69208,0.79468,0.43256,0.85914,0.6773,0.76961,0.38613,1.64181,2.85303,1.05156,1.57204,0,7.9408e-05,7.9408e-05,7.9408e-05
106,3348.5,1.02703,1.69249,0.69562,1.143,0,0.86068,0.70748,0.79672,0.4322,0.84763,0.70163,0.78177,0.39929,1.64089,2.78144,1.03038,1.56812,0,7.921e-05,7.921e-05,7.921e-05
107,3379.56,1.02259,1.68525,0.69235,1.13751,0,0.86319,0.72949,0.81161,0.45833,0.85505,0.7098,0.78908,0.41372,1.57365,2.73042,0.99357,1.51114,0,7.9012e-05,7.9012e-05,7.9012e-05
108,3411.33,1.0259,1.70551,0.70204,1.13585,0,0.88575,0.71325,0.81236,0.46903,0.85457,0.70687,0.79034,0.42508,1.52038,2.6833,0.98267,1.44605,0,7.8814e-05,7.8814e-05,7.8814e-05
109,3442.53,1.02087,1.70109,0.70281,1.13778,0,0.87141,0.72978,0.82133,0.47139,0.86055,0.71354,0.79714,0.4232,1.52825,2.67634,0.96756,1.46362,0,7.8616e-05,7.8616e-05,7.8616e-05
110,3473.4,1.00593,1.69575,0.69115,1.12955,0,0.84867,0.71218,0.79347,0.44169,0.834,0.69627,0.7716,0.39932,1.61126,2.72088,1.03844,1.54472,0,7.8418e-05,7.8418e-05,7.8418e-05
111,3504,1.00774,1.65904,0.68239,1.12843,0,0.86803,0.71122,0.80252,0.44545,0.85087,0.69701,0.778,0.40061,1.60659,2.81162,1.00582,1.54733,0,7.822e-05,7.822e-05,7.822e-05
112,3534.99,1.01301,1.67885,0.69506,1.13315,0,0.87003,0.7123,0.80607,0.46417,0.86067,0.69991,0.78567,0.42087,1.52509,2.68126,1.00502,1.47078,0,7.8022e-05,7.8022e-05,7.8022e-05
113,3566.28,1.01546,1.68196,0.69029,1.13856,0,0.87021,0.72398,0.816,0.47141,0.8522,0.7122,0.79423,0.42529,1.53064,2.6812,0.96869,1.47339,0,7.7824e-05,7.7824e-05,7.7824e-05
114,3597.76,1.00514,1.6759,0.68708,1.13099,0,0.83133,0.69208,0.77419,0.42458,0.8245,0.68252,0.75735,0.38714,1.64414,2.8509,1.09048,1.5889,0,7.7626e-05,7.7626e-05,7.7626e-05
115,3628.68,1.01361,1.65274,0.68408,1.13347,0,0.87319,0.70875,0.79512,0.44602,0.85902,0.69606,0.77386,0.40509,1.58182,2.7242,1.0277,1.51127,0,7.7428e-05,7.7428e-05,7.7428e-05
116,3660.72,0.99534,1.64769,0.67306,1.124,0,0.83967,0.72021,0.79107,0.44457,0.83543,0.70206,0.77024,0.40007,1.59014,2.78645,1.04304,1.52607,0,7.723e-05,7.723e-05,7.723e-05
117,3691.85,0.99152,1.64325,0.66796,1.12144,0,0.87773,0.70397,0.80384,0.44648,0.86146,0.69092,0.77984,0.40411,1.60536,2.73034,1.01038,1.54231,0,7.7032e-05,7.7032e-05,7.7032e-05
118,3723.26,1.00899,1.65712,0.67861,1.12879,0,0.87331,0.73529,0.82151,0.47197,0.86201,0.72456,0.8014,0.42968,1.53113,2.62491,0.9589,1.46353,0,7.6834e-05,7.6834e-05,7.6834e-05
119,3755.18,0.9908,1.66586,0.67369,1.12315,0,0.85674,0.70398,0.79328,0.43117,0.84353,0.69237,0.77059,0.39372,1.63869,2.87852,1.03799,1.57632,0,7.6636e-05,7.6636e-05,7.6636e-05
120,3786.53,0.9926,1.62624,0.66762,1.11676,0,0.87405,0.71615,0.81103,0.46154,0.86402,0.70397,0.78975,0.41789,1.55469,2.6909,0.97729,1.48255,0,7.6438e-05,7.6438e-05,7.6438e-05
121,3817.91,0.98122,1.62832,0.66181,1.11285,0,0.85598,0.70774,0.79479,0.44682,0.85074,0.69092,0.77113,0.40385,1.57428,2.7453,1.04648,1.51001,0,7.624e-05,7.624e-05,7.624e-05
122,3849.1,0.99235,1.6507,0.66858,1.11711,0,0.87533,0.71861,0.81191,0.48168,0.85684,0.70976,0.78779,0.43495,1.46628,2.60236,0.97161,1.41144,0,7.6042e-05,7.6042e-05,7.6042e-05
123,3880.4,0.98508,1.64138,0.66462,1.11485,0,0.86005,0.73233,0.81113,0.48018,0.8533,0.71789,0.78753,0.43495,1.47139,2.6376,1.00091,1.41253,0,7.5844e-05,7.5844e-05,7.5844e-05
124,3912.06,0.97807,1.64251,0.66821,1.11318,0,0.86617,0.71383,0.80442,0.45838,0.85683,0.70571,0.78656,0.41444,1.54821,2.71816,0.99939,1.4868,0,7.5646e-05,7.5646e-05,7.5646e-05
125,3943.56,0.98438,1.60582,0.65227,1.11105,0,0.85898,0.72939,0.81574,0.46909,0.85211,0.71383,0.79259,0.42111,1.53427,2.70386,0.97323,1.47772,0,7.5448e-05,7.5448e-05,7.5448e-05
126,3974.62,0.99703,1.65028,0.66342,1.12132,0,0.84984,0.7204,0.7992,0.47181,0.84075,0.70426,0.7758,0.42657,1.48149,2.6096,1.01771,1.41454,0,7.525e-05,7.525e-05,7.525e-05
127,4005.68,0.97672,1.59768,0.66,1.10951,0,0.87536,0.71412,0.80451,0.46153,0.85616,0.69846,0.77695,0.41124,1.5353,2.69331,1.02612,1.46882,0,7.5052e-05,7.5052e-05,7.5052e-05
128,4037.12,0.98152,1.62858,0.66445,1.10791,0,0.87844,0.71876,0.81041,0.46728,0.87116,0.70484,0.78804,0.42176,1.5152,2.64613,0.99017,1.45302,0,7.4854e-05,7.4854e-05,7.4854e-05
129,4068.53,0.97806,1.60523,0.65302,1.11056,0,0.85884,0.71818,0.79938,0.45026,0.86702,0.69295,0.77866,0.4097,1.57078,2.77674,1.01753,1.51158,0,7.4656e-05,7.4656e-05,7.4656e-05
130,4099.85,0.97057,1.60073,0.65115,1.10489,0,0.87501,0.72664,0.81467,0.46213,0.85936,0.71412,0.79141,0.4188,1.55863,2.67959,0.98515,1.48046,0,7.4458e-05,7.4458e-05,7.4458e-05
131,4131.4,0.97391,1.61116,0.6505,1.1064,0,0.8815,0.70571,0.80229,0.44599,0.87032,0.69273,0.77916,0.40253,1.60754,2.76746,1.02691,1.53459,0,7.426e-05,7.426e-05,7.426e-05
132,4162.73,0.97373,1.61906,0.65234,1.10883,0,0.85996,0.72998,0.80926,0.4578,0.86944,0.70426,0.78686,0.41327,1.57629,2.77652,0.99377,1.50774,0,7.4062e-05,7.4062e-05,7.4062e-05
133,4194.04,0.97891,1.61114,0.652,1.10866,0,0.87034,0.72427,0.81266,0.4616,0.85971,0.71267,0.7896,0.41777,1.56818,2.69947,0.97322,1.4962,0,7.3864e-05,7.3864e-05,7.3864e-05
134,4225.64,0.97153,1.62101,0.65586,1.10285,0,0.87895,0.70526,0.79674,0.43558,0.86593,0.6915,0.77416,0.39368,1.64674,2.89204,1.02292,1.57344,0,7.3666e-05,7.3666e-05,7.3666e-05
135,4256.94,0.97468,1.60903,0.64808,1.10922,0,0.8903,0.72543,0.81447,0.46622,0.87488,0.71383,0.79127,0.42369,1.5482,2.66906,0.98642,1.47723,0,7.3468e-05,7.3468e-05,7.3468e-05
136,4288.12,0.97695,1.60265,0.65232,1.11171,0,0.86144,0.73002,0.81191,0.45152,0.84946,0.71334,0.78626,0.40482,1.60263,2.90346,0.98511,1.53153,0,7.327e-05,7.327e-05,7.327e-05
137,4319.73,0.9572,1.58981,0.6357,1.09619,0,0.87842,0.71905,0.81588,0.45528,0.86533,0.70658,0.79008,0.40687,1.59406,2.88463,0.96555,1.52668,0,7.3072e-05,7.3072e-05,7.3072e-05
138,4351.41,0.96842,1.60177,0.64836,1.10753,0,0.87209,0.73139,0.81069,0.46408,0.86434,0.71963,0.78759,0.42125,1.54163,2.68645,0.99997,1.47165,0,7.2874e-05,7.2874e-05,7.2874e-05
139,4382.63,0.95769,1.58636,0.64491,1.10046,0,0.85629,0.73645,0.81855,0.47781,0.84348,0.72543,0.79402,0.43051,1.50097,2.68446,0.96012,1.43553,0,7.2676e-05,7.2676e-05,7.2676e-05
140,4413.95,0.98582,1.62421,0.65435,1.1132,0,0.87392,0.72351,0.80797,0.46063,0.86521,0.70687,0.78667,0.41791,1.56718,2.71675,0.99973,1.49389,0,7.2478e-05,7.2478e-05,7.2478e-05
141,4445.28,0.95836,1.58355,0.63968,1.10152,0,0.87212,0.72485,0.81632,0.46371,0.86016,0.71151,0.79259,0.41987,1.56165,2.74036,0.96894,1.50109,0,7.228e-05,7.228e-05,7.228e-05
142,4476.73,0.96261,1.58407,0.64134,1.1009,0,0.88426,0.7266,0.8174,0.46687,0.86923,0.71209,0.7923,0.4223,1.54927,2.70528,0.94648,1.48191,0,7.2082e-05,7.2082e-05,7.2082e-05
143,4507.79,0.96435,1.56909,0.63847,1.10409,0,0.87094,0.7379,0.81903,0.47369,0.8522,0.72746,0.79578,0.42941,1.52762,2.68574,0.96399,1.45644,0,7.1884e-05,7.1884e-05,7.1884e-05
144,4539.09,0.96439,1.58671,0.63972,1.10114,0,0.87681,0.71731,0.80785,0.44689,0.85752,0.70325,0.78379,0.40433,1.61335,2.7646,0.99198,1.53307,0,7.1686e-05,7.1686e-05,7.1686e-05
145,4570.44,0.95452,1.56156,0.62982,1.09923,0,0.87055,0.73761,0.8162,0.47703,0.85845,0.72601,0.79436,0.42777,1.50546,2.68614,0.96648,1.44184,0,7.1488e-05,7.1488e-05,7.1488e-05
146,4601.63,0.95254,1.57757,0.62914,1.09566,0,0.86591,0.72648,0.80392,0.45547,0.85413,0.70948,0.78104,0.41172,1.5747,2.77433,0.99815,1.50839,0,7.129e-05,7.129e-05,7.129e-05
147,4633.09,0.94198,1.54965,0.63135,1.09472,0,0.86825,0.7292,0.81269,0.46819,0.84688,0.71999,0.78798,0.423,1.52558,2.69277,0.98627,1.45409,0,7.1092e-05,7.1092e-05,7.1092e-05
148,4663.98,0.94691,1.55706,0.6335,1.09495,0,0.8743,0.72598,0.81206,0.4677,0.86056,0.71393,0.78883,0.4244,1.53618,2.71665,0.97632,1.46198,0,7.0894e-05,7.0894e-05,7.0894e-05
149,4695.46,0.95041,1.56625,0.63454,1.09617,0,0.87052,0.73761,0.82272,0.48091,0.85124,0.72666,0.79803,0.43336,1.50205,2.70156,0.93517,1.43354,0,7.0696e-05,7.0696e-05,7.0696e-05
150,4726.84,0.95111,1.58305,0.62839,1.09302,0,0.87378,0.72457,0.8138,0.46962,0.85647,0.71284,0.78893,0.4241,1.52692,2.6694,0.98199,1.45413,0,7.0498e-05,7.0498e-05,7.0498e-05
151,4758.46,0.95836,1.56576,0.63093,1.09303,0,0.86848,0.7333,0.8134,0.4776,0.85679,0.71789,0.78887,0.43314,1.49613,2.64296,0.97628,1.42617,0,7.03e-05,7.03e-05,7.03e-05
152,4789.78,0.94444,1.55707,0.62984,1.09191,0,0.86828,0.72601,0.8113,0.46982,0.85337,0.71354,0.78585,0.42277,1.52404,2.66795,0.98707,1.45578,0,7.0102e-05,7.0102e-05,7.0102e-05
153,4821.49,0.95604,1.55884,0.63248,1.09701,0,0.87228,0.71789,0.80808,0.47084,0.85676,0.70758,0.78382,0.42576,1.51077,2.68668,0.98479,1.45148,0,6.9904e-05,6.9904e-05,6.9904e-05
154,4852.51,0.94607,1.55444,0.62671,1.0914,0,0.85823,0.71035,0.79431,0.44139,0.84255,0.69818,0.76999,0.40033,1.60203,2.83414,1.02197,1.53126,0,6.9706e-05,6.9706e-05,6.9706e-05
155,4883.7,0.93354,1.53716,0.61671,1.08742,0,0.84915,0.72804,0.80613,0.45967,0.83526,0.71557,0.78224,0.41647,1.55036,2.76913,0.99513,1.48303,0,6.9508e-05,6.9508e-05,6.9508e-05
156,4915.16,0.94758,1.54592,0.62306,1.09222,0,0.85196,0.71064,0.79088,0.44496,0.82737,0.70484,0.76922,0.40233,1.58969,2.79808,1.04808,1.52041,0,6.931e-05,6.931e-05,6.931e-05
157,4946.18,0.94117,1.55147,0.61769,1.09078,0,0.86369,0.7234,0.80543,0.47613,0.85453,0.71441,0.78819,0.43177,1.48892,2.64299,0.99796,1.42087,0,6.9112e-05,6.9112e-05,6.9112e-05
158,4977.75,0.93618,1.52665,0.61741,1.08635,0,0.86468,0.72627,0.80421,0.46848,0.85122,0.71496,0.78233,0.42494,1.52105,2.69637,0.99699,1.44295,0,6.8914e-05,6.8914e-05,6.8914e-05
159,5009.06,0.94953,1.55484,0.62773,1.09336,0,0.853,0.71838,0.79681,0.46101,0.83964,0.71035,0.77497,0.41788,1.53121,2.70618,1.03574,1.4619,0,6.8716e-05,6.8716e-05,6.8716e-05
160,5040.44,0.93287,1.54182,0.61654,1.08397,0,0.85839,0.73115,0.80852,0.46743,0.8493,0.71897,0.78467,0.42038,1.52608,2.75183,1.00535,1.45699,0,6.8518e-05,6.8518e-05,6.8518e-05
161,5071.75,0.94001,1.54318,0.61189,1.0841,0,0.8554,0.72722,0.80525,0.46431,0.84107,0.71505,0.78124,0.41796,1.52292,2.77084,0.99341,1.45428,0,6.832e-05,6.832e-05,6.832e-05
162,5103.36,0.93802,1.54172,0.61932,1.08638,0,0.86054,0.70488,0.7864,0.44331,0.85018,0.69267,0.76646,0.3991,1.5837,2.84218,1.05874,1.50597,0,6.8122e-05,6.8122e-05,6.8122e-05
163,5134.41,0.93395,1.52393,0.61023,1.07888,0,0.86901,0.71963,0.80427,0.4596,0.85856,0.70078,0.78282,0.41841,1.55101,2.75048,1.00241,1.47781,0,6.7924e-05,6.7924e-05,6.7924e-05
164,5165.8,0.93398,1.53674,0.62086,1.08145,0,0.86563,0.71538,0.79725,0.45515,0.84957,0.69921,0.77176,0.40944,1.56424,2.78216,1.01604,1.4935,0,6.7726e-05,6.7726e-05,6.7726e-05
165,5196.99,0.9318,1.53202,0.61299,1.08486,0,0.84714,0.71963,0.79136,0.44103,0.83127,0.70542,0.76686,0.39602,1.61741,2.88831,1.03407,1.54093,0,6.7528e-05,6.7528e-05,6.7528e-05
166,5227.92,0.94305,1.5367,0.61945,1.08541,0,0.84581,0.73297,0.80048,0.45364,0.83586,0.71644,0.77641,0.40761,1.57198,2.75545,0.99753,1.49068,0,6.733e-05,6.733e-05,6.733e-05
167,5259.16,0.9293,1.51318,0.60975,1.07943,0,0.86931,0.72129,0.80479,0.46062,0.84833,0.71519,0.78237,0.41615,1.55657,2.76038,1.00086,1.48098,0,6.7132e-05,6.7132e-05,6.7132e-05
168,5290.45,0.92685,1.52691,0.60449,1.07665,0,0.87249,0.71221,0.80241,0.45793,0.85219,0.70713,0.78524,0.41812,1.57025,2.79156,0.9947,1.50062,0,6.6934e-05,6.6934e-05,6.6934e-05
169,5321.71,0.92848,1.5213,0.6128,1.08287,0,0.86852,0.72586,0.81161,0.46771,0.85933,0.70832,0.788,0.42351,1.53822,2.70565,0.97272,1.46537,0,6.6736e-05,6.6736e-05,6.6736e-05
170,5353.05,0.91202,1.53258,0.6035,1.07717,0,0.87189,0.7104,0.80018,0.44928,0.85552,0.69706,0.7744,0.40493,1.59971,2.84856,1.00472,1.52768,0,6.6538e-05,6.6538e-05,6.6538e-05
171,5384.47,0.93544,1.53282,0.6173,1.08387,0,0.87731,0.7263,0.81205,0.47314,0.86422,0.7147,0.78908,0.42696,1.51779,2.73008,0.96994,1.45042,0,6.634e-05,6.634e-05,6.634e-05
172,5416.02,0.92321,1.51233,0.60229,1.07556,0,0.87426,0.71499,0.80577,0.45917,0.85306,0.70948,0.78335,0.41641,1.56489,2.73047,0.99439,1.49342,0,6.6142e-05,6.6142e-05,6.6142e-05
173,5447.35,0.91243,1.4961,0.59841,1.06904,0,0.86345,0.71682,0.79847,0.45653,0.84603,0.70897,0.77603,0.41372,1.55806,2.75962,1.0143,1.48528,0,6.5944e-05,6.5944e-05,6.5944e-05
174,5478.76,0.90762,1.51188,0.60471,1.06718,0,0.8491,0.73908,0.81008,0.46271,0.8413,0.72311,0.78426,0.4167,1.55592,2.85146,0.98274,1.47993,0,6.5746e-05,6.5746e-05,6.5746e-05
175,5509.77,0.91234,1.47561,0.59903,1.07451,0,0.85658,0.73674,0.81281,0.46945,0.84309,0.72514,0.78893,0.42404,1.53144,2.76537,0.96756,1.45989,0,6.5548e-05,6.5548e-05,6.5548e-05
176,5540.99,0.9199,1.51246,0.59703,1.0749,0,0.87283,0.72235,0.81114,0.45978,0.85157,0.71586,0.78822,0.41449,1.58171,2.81282,0.9633,1.5076,0,6.535e-05,6.535e-05,6.535e-05
177,5572.35,0.92085,1.51806,0.60358,1.07671,0,0.87446,0.71894,0.80511,0.45902,0.85823,0.70561,0.78115,0.41626,1.56425,2.77958,0.98524,1.49107,0,6.5152e-05,6.5152e-05,6.5152e-05
178,5603.6,0.91372,1.50516,0.60063,1.06959,0,0.87424,0.71957,0.80435,0.46139,0.86425,0.70803,0.78297,0.41786,1.54529,2.75463,1.00227,1.46664,0,6.4954e-05,6.4954e-05,6.4954e-05
179,5635.09,0.91405,1.509,0.59818,1.07026,0,0.85736,0.72456,0.80043,0.45806,0.84541,0.71353,0.77858,0.41288,1.56062,2.82466,1.00605,1.48169,0,6.4756e-05,6.4756e-05,6.4756e-05
180,5666.69,0.91557,1.48746,0.60381,1.06897,0,0.86819,0.72949,0.80493,0.4629,0.85266,0.71644,0.77935,0.41607,1.53922,2.77443,0.9945,1.45828,0,6.4558e-05,6.4558e-05,6.4558e-05
181,5697.97,0.90965,1.4834,0.59424,1.06743,0,0.87394,0.72572,0.8057,0.46615,0.8654,0.71238,0.7829,0.42159,1.53292,2.75843,0.99266,1.45233,0,6.436e-05,6.436e-05,6.436e-05
182,5729.52,0.91231,1.49263,0.5994,1.07145,0,0.87261,0.72137,0.80156,0.46601,0.85551,0.71071,0.77608,0.42194,1.52005,2.78441,1.01729,1.44561,0,6.4162e-05,6.4162e-05,6.4162e-05
183,5760.74,0.91031,1.4991,0.59895,1.06898,0,0.86637,0.72224,0.80356,0.46277,0.85176,0.71006,0.77948,0.41912,1.53636,2.75209,0.9898,1.46725,0,6.3964e-05,6.3964e-05,6.3964e-05
184,5792.72,0.91022,1.50653,0.6073,1.07255,0,0.86983,0.72485,0.80877,0.46612,0.85542,0.71615,0.78614,0.42273,1.53183,2.77085,0.97274,1.46549,0,6.3766e-05,6.3766e-05,6.3766e-05
185,5824.26,0.90265,1.47499,0.59125,1.06564,0,0.87045,0.72514,0.80753,0.47089,0.85788,0.71441,0.78589,0.4267,1.51618,2.73754,0.97369,1.45012,0,6.3568e-05,6.3568e-05,6.3568e-05
186,5856.11,0.90775,1.4861,0.59273,1.0676,0,0.88214,0.71499,0.80504,0.47474,0.87276,0.704,0.78244,0.4277,1.48943,2.68638,0.99354,1.42245,0,6.337e-05,6.337e-05,6.337e-05
187,5887.65,0.90744,1.49221,0.59283,1.0672,0,0.85657,0.73415,0.80559,0.47183,0.84451,0.72596,0.78572,0.42773,1.50378,2.72727,0.98873,1.43527,0,6.3172e-05,6.3172e-05,6.3172e-05
188,5919.07,0.90285,1.47751,0.58871,1.06356,0,0.86848,0.73065,0.80895,0.47226,0.86021,0.71818,0.7885,0.43018,1.50485,2.67385,0.98094,1.4283,0,6.2974e-05,6.2974e-05,6.2974e-05
189,5949.92,0.91202,1.4962,0.58956,1.0674,0,0.85377,0.73181,0.80281,0.46012,0.84058,0.7205,0.77982,0.41637,1.54196,2.76893,0.99388,1.46823,0,6.2776e-05,6.2776e-05,6.2776e-05
190,5981.1,0.90243,1.48391,0.58295,1.06483,0,0.85384,0.73123,0.80173,0.46197,0.83962,0.71905,0.77927,0.41619,1.53625,2.78662,1.00692,1.46268,0,6.2578e-05,6.2578e-05,6.2578e-05
191,6012.67,0.89416,1.47013,0.58842,1.06105,0,0.86985,0.72369,0.80266,0.46779,0.85307,0.71039,0.78,0.42181,1.51421,2.76352,0.99931,1.44388,0,6.238e-05,6.238e-05,6.238e-05
192,6044.11,0.88843,1.47363,0.58577,1.05926,0,0.87091,0.70919,0.79522,0.45682,0.84599,0.70136,0.76843,0.41038,1.5425,2.8139,1.01672,1.47358,0,6.2182e-05,6.2182e-05,6.2182e-05
193,6075.86,0.88863,1.46106,0.58124,1.05563,0,0.86267,0.70977,0.78929,0.45715,0.83748,0.70136,0.76503,0.4124,1.53428,2.79576,1.03947,1.46349,0,6.1984e-05,6.1984e-05,6.1984e-05
194,6107.5,0.89827,1.47694,0.58966,1.06444,0,0.87424,0.71957,0.8011,0.46826,0.86118,0.70869,0.7791,0.42293,1.50556,2.75239,1.0169,1.43614,0,6.1786e-05,6.1786e-05,6.1786e-05
195,6138.82,0.8967,1.46189,0.58841,1.0588,0,0.85878,0.72253,0.79966,0.4613,0.84427,0.70977,0.77589,0.41767,1.5385,2.81137,1.01298,1.46548,0,6.1588e-05,6.1588e-05,6.1588e-05
196,6170.26,0.88819,1.47952,0.57976,1.06254,0,0.8689,0.72514,0.80762,0.46983,0.85789,0.71267,0.78552,0.42536,1.51765,2.77348,0.9904,1.44889,0,6.139e-05,6.139e-05,6.139e-05
197,6201.76,0.89625,1.48905,0.58318,1.06396,0,0.86984,0.72662,0.80682,0.4745,0.84925,0.72021,0.78717,0.42878,1.4903,2.73329,0.99808,1.42068,0,6.1192e-05,6.1192e-05,6.1192e-05
198,6233.27,0.89328,1.45809,0.58352,1.0597,0,0.8551,0.73297,0.8089,0.47457,0.84374,0.72169,0.78604,0.43025,1.49117,2.71382,0.99702,1.42112,0,6.0994e-05,6.0994e-05,6.0994e-05
199,6264.27,0.88595,1.47439,0.57832,1.06097,0,0.86185,0.72572,0.80453,0.46928,0.85121,0.71528,0.78591,0.42506,1.50928,2.75823,0.99417,1.44002,0,6.0796e-05,6.0796e-05,6.0796e-05
200,6295.49,0.89438,1.47452,0.58185,1.06171,0,0.84052,0.72893,0.79229,0.4516,0.84555,0.70165,0.7686,0.40919,1.55338,2.821,1.02768,1.48524,0,6.0598e-05,6.0598e-05,6.0598e-05
201,6326.7,0.88903,1.45084,0.5808,1.05661,0,0.83888,0.7379,0.80139,0.46267,0.82429,0.72494,0.77735,0.41899,1.5327,2.7867,1.00028,1.46375,0,6.04e-05,6.04e-05,6.04e-05
202,6357.89,0.88529,1.46361,0.577,1.05412,0,0.86142,0.72814,0.80911,0.46647,0.84774,0.71325,0.78363,0.42252,1.53103,2.77886,0.97411,1.46371,0,6.0202e-05,6.0202e-05,6.0202e-05
203,6388.96,0.88653,1.46456,0.58022,1.05082,0,0.87633,0.70716,0.79935,0.4565,0.86254,0.69501,0.77438,0.41193,1.56055,2.82637,0.99306,1.49246,0,6.0004e-05,6.0004e-05,6.0004e-05
204,6420.73,0.89544,1.46931,0.58106,1.06076,0,0.83745,0.73094,0.79566,0.45534,0.86593,0.68948,0.773,0.4114,1.55736,2.8374,1.00043,1.48974,0,5.9806e-05,5.9806e-05,5.9806e-05
205,6451.99,0.87307,1.43886,0.57391,1.04826,0,0.85958,0.71296,0.7957,0.46031,0.84595,0.70165,0.77274,0.41584,1.53557,2.78122,1.00724,1.46996,0,5.9608e-05,5.9608e-05,5.9608e-05
206,6483.58,0.8776,1.43786,0.56558,1.04937,0,0.85926,0.71644,0.79477,0.45572,0.84623,0.70542,0.77134,0.41238,1.55674,2.82536,1.01151,1.4849,0,5.941e-05,5.941e-05,5.941e-05
207,6515.23,0.88035,1.42525,0.56648,1.05076,0,0.85857,0.71283,0.79155,0.45606,0.84675,0.70165,0.76935,0.41222,1.54138,2.83581,1.02741,1.47039,0,5.9212e-05,5.9212e-05,5.9212e-05
208,6546.68,0.88032,1.42747,0.57169,1.05375,0,0.84331,0.72978,0.796,0.4589,0.8292,0.71648,0.77394,0.41402,1.54464,2.79556,1.01186,1.47243,0,5.9014e-05,5.9014e-05,5.9014e-05
209,6578.01,0.8815,1.43212,0.5698,1.05447,0,0.86103,0.70948,0.7895,0.44836,0.84723,0.69783,0.76507,0.40581,1.57351,2.83927,1.03125,1.50432,0,5.8816e-05,5.8816e-05,5.8816e-05
210,6609.34,0.87952,1.4515,0.57091,1.05123,0,0.85429,0.71224,0.78944,0.45107,0.84227,0.70368,0.77013,0.40707,1.56906,2.82251,1.02924,1.49619,0,5.8618e-05,5.8618e-05,5.8618e-05
211,6640.6,0.87746,1.4631,0.56744,1.05201,0,0.8605,0.71412,0.79451,0.45331,0.84772,0.69788,0.77007,0.40839,1.5651,2.84816,1.01606,1.49229,0,5.842e-05,5.842e-05,5.842e-05
212,6672.12,0.88269,1.45005,0.56932,1.0549,0,0.8554,0.72382,0.79833,0.46123,0.84618,0.70658,0.77471,0.41824,1.53807,2.80044,1.00838,1.46765,0,5.8222e-05,5.8222e-05,5.8222e-05
213,6703.45,0.87931,1.44426,0.57087,1.04686,0,0.86042,0.71412,0.79648,0.45621,0.8482,0.70397,0.7745,0.41296,1.55537,2.86719,1.01163,1.48421,0,5.8024e-05,5.8024e-05,5.8024e-05
214,6734.73,0.87581,1.44726,0.5725,1.05158,0,0.84305,0.73297,0.79944,0.45642,0.83734,0.71673,0.77837,0.41396,1.56917,2.88268,0.99812,1.49429,0,5.7826e-05,5.7826e-05,5.7826e-05
215,6765.75,0.87435,1.42943,0.56863,1.05382,0,0.86677,0.71303,0.79785,0.45799,0.84093,0.71238,0.7762,0.41516,1.55432,2.82663,1.00953,1.48191,0,5.7628e-05,5.7628e-05,5.7628e-05
216,6797.04,0.86881,1.42756,0.56913,1.0522,0,0.86045,0.71325,0.7956,0.45317,0.84453,0.70049,0.77108,0.41094,1.56285,2.86394,1.01766,1.49809,0,5.743e-05,5.743e-05,5.743e-05
217,6828.5,0.87605,1.42817,0.5683,1.0508,0,0.86923,0.70727,0.79554,0.45691,0.8233,0.72108,0.77377,0.41388,1.55046,2.82682,1.01601,1.48664,0,5.7232e-05,5.7232e-05,5.7232e-05
218,6859.88,0.88508,1.44457,0.57765,1.05519,0,0.86012,0.72025,0.79953,0.46237,0.85184,0.70345,0.77562,0.41845,1.53822,2.80182,0.99453,1.47582,0,5.7034e-05,5.7034e-05,5.7034e-05
219,6891.29,0.87426,1.44445,0.5711,1.04746,0,0.86944,0.71635,0.80037,0.46303,0.85751,0.70368,0.77708,0.41891,1.53897,2.80981,0.9928,1.47121,0,5.6836e-05,5.6836e-05,5.6836e-05
220,6923.03,0.87649,1.43698,0.56862,1.04927,0,0.87737,0.70946,0.79953,0.4592,0.86436,0.69701,0.77656,0.41727,1.55284,2.82064,0.99437,1.48451,0,5.6638e-05,5.6638e-05,5.6638e-05
221,6954.16,0.86778,1.41349,0.55979,1.0473,0,0.87985,0.70774,0.80115,0.46045,0.86543,0.69614,0.7782,0.4181,1.55268,2.84373,0.99054,1.4812,0,5.644e-05,5.644e-05,5.644e-05
222,6985.54,0.87614,1.43239,0.56761,1.04656,0,0.87031,0.71644,0.79646,0.45736,0.85635,0.70347,0.77663,0.41725,1.55598,2.85109,1.00234,1.48106,0,5.6242e-05,5.6242e-05,5.6242e-05
