epoch,time,train/box_loss,train/seg_loss,train/cls_loss,train/dfl_loss,train/sem_loss,metrics/precision(B),metrics/recall(B),metrics/mAP50(B),metrics/mAP50-95(B),metrics/precision(M),metrics/recall(M),metrics/mAP50(M),metrics/mAP50-95(M),val/box_loss,val/seg_loss,val/cls_loss,val/dfl_loss,val/sem_loss,lr/pg0,lr/pg1,lr/pg2,lr/pg3,lr/pg4,lr/pg5,lr/pg6,lr/pg7
1,108.075,3.80902,5.0794,3.809,4.11598,0,0.14167,0.1586,0.06563,0.01946,0.13804,0.14265,0.0596,0.01443,2.96736,11.578,3.12565,4.32317,0,0.00996528,0.00332176,0.00996528,0.00332176,0.00996528,0.00332176,0.00996528,0.00332176
2,194.297,2.59042,3.34883,2.64764,2.92549,0,0.42148,0.31168,0.29215,0.1144,0.4188,0.2969,0.275,0.10347,2.1412,3.43874,2.3044,2.56812,0,0.0198994,0.00663313,0.0198994,0.00663313,0.0198994,0.00663313,0.0198994,0.00663313
3,277.894,2.04,2.98432,1.98556,2.26482,0,0.46675,0.31603,0.32777,0.14557,0.45086,0.28994,0.29927,0.12628,2.22521,3.25857,3.04663,2.498,0,0.0297675,0.0099225,0.0297675,0.0099225,0.0297675,0.0099225,0.0297675,0.0099225
4,357.496,1.76112,2.70634,1.627,1.99105,0,0.52538,0.35025,0.37073,0.18041,0.53081,0.32879,0.34513,0.15482,2.06536,3.19511,4.34705,2.42271,0,0.029703,0.009901,0.029703,0.009901,0.029703,0.009901,0.029703,0.009901
5,434.933,1.56114,2.49466,1.4092,1.82722,0,0.7893,0.58046,0.68038,0.39079,0.77391,0.56799,0.65779,0.3566,1.53412,2.65992,1.44412,1.90045,0,0.029604,0.009868,0.029604,0.009868,0.029604,0.009868,0.029604,0.009868
6,510.118,1.45377,2.35626,1.29772,1.72601,0,0.81626,0.64077,0.74033,0.44452,0.80442,0.62569,0.71554,0.40721,1.48705,2.55167,1.29282,1.85438,0,0.029505,0.009835,0.029505,0.009835,0.029505,0.009835,0.029505,0.009835
7,584.479,1.38582,2.26404,1.18463,1.66358,0,0.77688,0.67005,0.727,0.39301,0.77618,0.66831,0.72262,0.36956,1.54558,2.60154,1.36971,1.90952,0,0.029406,0.009802,0.029406,0.009802,0.029406,0.009802,0.029406,0.009802
8,658.513,1.3314,2.14896,1.13449,1.61249,0,0.80354,0.58771,0.69438,0.4263,0.79463,0.58,0.67719,0.39106,1.43325,2.43515,1.31155,1.8119,0,0.029307,0.009769,0.029307,0.009769,0.029307,0.009769,0.029307,0.009769
9,737.024,1.29491,2.10265,1.0662,1.56285,0,0.84047,0.65381,0.75899,0.46788,0.8327,0.6428,0.74181,0.42985,1.39479,2.40058,1.20942,1.77001,0,0.029208,0.009736,0.029208,0.009736,0.029208,0.009736,0.029208,0.009736
10,815.63,1.2558,2.04392,1.01718,1.54002,0,0.8402,0.67527,0.77914,0.49613,0.83632,0.66048,0.75776,0.4457,1.32341,2.28944,1.13661,1.68471,0,0.029109,0.009703,0.029109,0.009703,0.029109,0.009703,0.029109,0.009703
11,892.848,1.23354,1.9788,0.98032,1.51566,0,0.81289,0.68919,0.78843,0.49003,0.80643,0.67643,0.76825,0.44551,1.35527,2.29458,1.14639,1.71923,0,0.02901,0.00967,0.02901,0.00967,0.02901,0.00967,0.02901,0.00967
12,966.796,1.21724,1.94415,0.95209,1.50833,0,0.84768,0.68571,0.78514,0.49681,0.83585,0.67614,0.76811,0.44349,1.3572,2.2891,1.12593,1.73558,0,0.028911,0.009637,0.028911,0.009637,0.028911,0.009637,0.028911,0.009637
13,1044.07,1.20153,1.93063,0.94815,1.48598,0,0.84526,0.67943,0.78511,0.4898,0.83516,0.67131,0.76687,0.44376,1.40399,2.26492,1.06804,1.78417,0,0.028812,0.009604,0.028812,0.009604,0.028812,0.009604,0.028812,0.009604
14,1122.6,1.18426,1.88807,0.91798,1.46711,0,0.8555,0.67933,0.78304,0.49835,0.84327,0.66926,0.76574,0.44887,1.37146,2.27216,1.1808,1.74941,0,0.028713,0.009571,0.028713,0.009571,0.028713,0.009571,0.028713,0.009571
15,1201.94,1.1761,1.89525,0.9058,1.47033,0,0.83099,0.70774,0.79349,0.50296,0.8267,0.69035,0.77345,0.4671,1.346,2.24951,1.06887,1.7073,0,0.028614,0.009538,0.028614,0.009538,0.028614,0.009538,0.028614,0.009538
16,1282.54,1.14733,1.84676,0.86234,1.44644,0,0.8462,0.69904,0.80402,0.51827,0.84769,0.67672,0.78348,0.47015,1.34206,2.20128,1.01293,1.70189,0,0.028515,0.009505,0.028515,0.009505,0.028515,0.009505,0.028515,0.009505
17,1362.42,1.13753,1.83757,0.85025,1.43167,0,0.84774,0.72,0.80262,0.47816,0.83955,0.71304,0.78783,0.44712,1.47118,2.27626,1.05125,1.83217,0,0.028416,0.009472,0.028416,0.009472,0.028416,0.009472,0.028416,0.009472
18,1441.71,1.1314,1.80114,0.84423,1.43041,0,0.87402,0.71934,0.82588,0.54021,0.85816,0.70629,0.80261,0.49448,1.32798,2.21292,0.97075,1.69496,0,0.028317,0.009439,0.028317,0.009439,0.028317,0.009439,0.028317,0.009439
19,1524.49,1.11566,1.77587,0.82344,1.41955,0,0.84811,0.70513,0.79383,0.48857,0.83769,0.70031,0.78237,0.44361,1.42716,2.35982,1.0203,1.78861,0,0.028218,0.009406,0.028218,0.009406,0.028218,0.009406,0.028218,0.009406
20,1608.15,1.10055,1.75718,0.80574,1.40878,0,0.85495,0.75094,0.84218,0.54541,0.8429,0.73734,0.82193,0.49926,1.30593,2.1337,0.93506,1.67829,0,0.028119,0.009373,0.028119,0.009373,0.028119,0.009373,0.028119,0.009373
21,1691.16,1.10333,1.76122,0.79665,1.39902,0,0.84042,0.73818,0.82599,0.52847,0.82881,0.71871,0.80517,0.48401,1.34625,2.2146,0.96704,1.70926,0,0.02802,0.00934,0.02802,0.00934,0.02802,0.00934,0.02802,0.00934
22,1772.57,1.07975,1.71239,0.77195,1.3922,0,0.82336,0.66889,0.76018,0.48137,0.82044,0.65874,0.7446,0.44067,1.39999,2.38086,1.09782,1.75858,0,0.027921,0.009307,0.027921,0.009307,0.027921,0.009307,0.027921,0.009307
23,1852.55,1.07888,1.72102,0.77049,1.38863,0,0.85319,0.74862,0.828,0.51642,0.84103,0.73473,0.80926,0.467,1.38193,2.23275,0.95703,1.75005,0,0.027822,0.009274,0.027822,0.009274,0.027822,0.009274,0.027822,0.009274
24,1931.36,1.07135,1.71804,0.76557,1.37606,0,0.83553,0.68637,0.78394,0.49465,0.82646,0.67034,0.76213,0.44995,1.40348,2.2526,1.03375,1.74991,0,0.027723,0.009241,0.027723,0.009241,0.027723,0.009241,0.027723,0.009241
25,2010.97,1.06223,1.66345,0.74151,1.36456,0,0.84786,0.73518,0.82403,0.5137,0.84857,0.72253,0.81031,0.46582,1.43091,2.28584,0.95062,1.79825,0,0.027624,0.009208,0.027624,0.009208,0.027624,0.009208,0.027624,0.009208
26,2087.33,1.05508,1.67369,0.74236,1.37259,0,0.84229,0.6906,0.78007,0.49264,0.83627,0.68567,0.76691,0.44769,1.41415,2.28235,1.05234,1.7734,0,0.027525,0.009175,0.027525,0.009175,0.027525,0.009175,0.027525,0.009175
27,2163.27,1.04371,1.66046,0.73727,1.35113,0,0.84534,0.68144,0.77487,0.49976,0.83925,0.67498,0.76633,0.46338,1.35332,2.22465,1.06641,1.7261,0,0.027426,0.009142,0.027426,0.009142,0.027426,0.009142,0.027426,0.009142
28,2241.11,1.04286,1.66154,0.73076,1.35365,0,0.85448,0.7559,0.83473,0.52424,0.84731,0.74653,0.81682,0.47161,1.37536,2.32471,0.91114,1.73963,0,0.027327,0.009109,0.027327,0.009109,0.027327,0.009109,0.027327,0.009109
29,2319.86,1.04226,1.64329,0.72854,1.35361,0,0.86483,0.74775,0.84029,0.55304,0.85966,0.73882,0.83067,0.51443,1.28939,2.07915,0.93727,1.66147,0,0.027228,0.009076,0.027228,0.009076,0.027228,0.009076,0.027228,0.009076
30,2396.73,1.03512,1.63276,0.72524,1.35506,0,0.85829,0.74456,0.83682,0.52955,0.8262,0.74601,0.82017,0.48302,1.34937,2.16197,0.93408,1.72689,0,0.027129,0.009043,0.027129,0.009043,0.027129,0.009043,0.027129,0.009043
31,2473.48,1.02839,1.62322,0.70805,1.348,0,0.85487,0.7156,0.80581,0.484,0.84573,0.70745,0.79085,0.44197,1.4882,2.45995,0.96876,1.8799,0,0.02703,0.00901,0.02703,0.00901,0.02703,0.00901,0.02703,0.00901
32,2550.3,1.03015,1.61522,0.70997,1.35054,0,0.84249,0.73905,0.83221,0.54924,0.84532,0.71905,0.81212,0.5082,1.28074,2.10301,0.9628,1.64523,0,0.026931,0.008977,0.026931,0.008977,0.026931,0.008977,0.026931,0.008977
33,2627,1.00323,1.56149,0.68453,1.32173,0,0.85622,0.76863,0.84426,0.55194,0.84794,0.75508,0.82706,0.50417,1.2965,2.13784,0.9056,1.65611,0,0.026832,0.008944,0.026832,0.008944,0.026832,0.008944,0.026832,0.008944
34,2704.04,1.00179,1.58616,0.68755,1.32629,0,0.86526,0.75355,0.83789,0.52235,0.85328,0.74311,0.82079,0.47396,1.38569,2.20048,0.87919,1.77796,0,0.026733,0.008911,0.026733,0.008911,0.026733,0.008911,0.026733,0.008911
35,2781.19,1.01299,1.58649,0.68793,1.33901,0,0.86052,0.75152,0.84081,0.53075,0.85603,0.743,0.82948,0.48965,1.35369,2.14954,0.89039,1.72576,0,0.026634,0.008878,0.026634,0.008878,0.026634,0.008878,0.026634,0.008878
36,2857.97,0.99387,1.54948,0.67799,1.32251,0,0.86878,0.78515,0.86388,0.55091,0.8594,0.77472,0.84719,0.5057,1.31904,2.12932,0.86263,1.69633,0,0.026535,0.008845,0.026535,0.008845,0.026535,0.008845,0.026535,0.008845
37,2935.23,0.98508,1.52254,0.65614,1.31039,0,0.87172,0.7118,0.81401,0.51838,0.86465,0.70049,0.79655,0.47913,1.38125,2.26125,0.98673,1.75156,0,0.026436,0.008812,0.026436,0.008812,0.026436,0.008812,0.026436,0.008812
38,3012.33,0.99731,1.55878,0.67053,1.32086,0,0.8554,0.75181,0.83879,0.53097,0.84682,0.74427,0.82642,0.48698,1.36841,2.18922,0.90063,1.73657,0,0.026337,0.008779,0.026337,0.008779,0.026337,0.008779,0.026337,0.008779
39,3089.39,0.98524,1.52931,0.66127,1.31243,0,0.85761,0.72398,0.8203,0.53805,0.84661,0.7147,0.80067,0.49817,1.30035,2.09719,0.94341,1.68212,0,0.026238,0.008746,0.026238,0.008746,0.026238,0.008746,0.026238,0.008746
40,3166.55,0.97829,1.5278,0.651,1.30125,0,0.83745,0.68415,0.77591,0.50694,0.82966,0.6736,0.75927,0.46723,1.35366,2.2309,1.049,1.71521,0,0.026139,0.008713,0.026139,0.008713,0.026139,0.008713,0.026139,0.008713
41,3243.96,0.9893,1.53971,0.66506,1.32055,0,0.86587,0.76428,0.84837,0.553,0.84994,0.75036,0.82779,0.50428,1.343,2.21124,0.91847,1.72748,0,0.02604,0.00868,0.02604,0.00868,0.02604,0.00868,0.02604,0.00868
42,3321.84,0.97402,1.52303,0.64307,1.29414,0,0.84558,0.74623,0.83478,0.5392,0.83113,0.73347,0.81328,0.48819,1.33712,2.22001,0.88611,1.71339,0,0.025941,0.008647,0.025941,0.008647,0.025941,0.008647,0.025941,0.008647
43,3399.78,0.97028,1.50777,0.64047,1.29876,0,0.86089,0.7782,0.85439,0.56364,0.85063,0.76892,0.84122,0.51188,1.30427,2.1314,0.85549,1.68005,0,0.025842,0.008614,0.025842,0.008614,0.025842,0.008614,0.025842,0.008614
44,3477.7,0.95647,1.49459,0.63052,1.28966,0,0.87143,0.78607,0.8703,0.55633,0.85421,0.77559,0.85043,0.50707,1.35681,2.16436,0.79212,1.75214,0,0.025743,0.008581,0.025743,0.008581,0.025743,0.008581,0.025743,0.008581
45,3555.2,0.95994,1.49036,0.63,1.28377,0,0.8777,0.76781,0.8542,0.56085,0.87112,0.76035,0.84176,0.51595,1.32486,2.15775,0.86701,1.71446,0,0.025644,0.008548,0.025644,0.008548,0.025644,0.008548,0.025644,0.008548
46,3632.55,0.95661,1.48103,0.62813,1.29462,0,0.88339,0.77752,0.87187,0.57821,0.87252,0.76795,0.85749,0.53373,1.28894,2.06168,0.80582,1.66731,0,0.025545,0.008515,0.025545,0.008515,0.025545,0.008515,0.025545,0.008515
47,3710.1,0.96237,1.49996,0.62919,1.29556,0,0.87037,0.767,0.86006,0.56204,0.86177,0.76022,0.84708,0.52502,1.30647,2.11899,0.84126,1.68069,0,0.025446,0.008482,0.025446,0.008482,0.025446,0.008482,0.025446,0.008482
48,3787.2,0.95504,1.46377,0.62866,1.27275,0,0.86727,0.7463,0.82713,0.48658,0.85654,0.73558,0.81049,0.4445,1.55252,2.42405,0.90768,1.98453,0,0.025347,0.008449,0.025347,0.008449,0.025347,0.008449,0.025347,0.008449
49,3864.47,0.95394,1.46874,0.61922,1.28766,0,0.865,0.72514,0.81689,0.47803,0.84861,0.71346,0.79919,0.42988,1.5608,2.44,0.9416,1.97363,0,0.025248,0.008416,0.025248,0.008416,0.025248,0.008416,0.025248,0.008416
50,3941.87,0.95244,1.45918,0.62006,1.27491,0,0.87603,0.77559,0.86309,0.55869,0.8678,0.76196,0.8474,0.51425,1.33955,2.11984,0.81247,1.73515,0,0.025149,0.008383,0.025149,0.008383,0.025149,0.008383,0.025149,0.008383
51,4019.31,0.94084,1.4619,0.61549,1.26989,0,0.86636,0.77815,0.86741,0.56521,0.86069,0.77382,0.85674,0.51993,1.31852,2.11727,0.82451,1.71289,0,0.02505,0.00835,0.02505,0.00835,0.02505,0.00835,0.02505,0.00835
52,4096.38,0.94523,1.45986,0.62123,1.28953,0,0.8406,0.73934,0.80971,0.49323,0.82708,0.72746,0.7924,0.44756,1.49018,2.47312,0.89505,1.91284,0,0.024951,0.008317,0.024951,0.008317,0.024951,0.008317,0.024951,0.008317
53,4173.55,0.92459,1.43677,0.59827,1.26168,0,0.88445,0.75935,0.85061,0.56917,0.87411,0.74488,0.831,0.52332,1.29473,2.14524,0.88049,1.67644,0,0.024852,0.008284,0.024852,0.008284,0.024852,0.008284,0.024852,0.008284
54,4251.2,0.93123,1.45263,0.60045,1.26398,0,0.89683,0.79269,0.8788,0.58003,0.89438,0.78071,0.86503,0.53834,1.30018,2.09163,0.7552,1.69109,0,0.024753,0.008251,0.024753,0.008251,0.024753,0.008251,0.024753,0.008251
55,4329.17,0.92727,1.45592,0.60645,1.26492,0,0.87243,0.7463,0.83703,0.52639,0.85853,0.73442,0.81784,0.48317,1.3979,2.25689,0.88146,1.78734,0,0.024654,0.008218,0.024654,0.008218,0.024654,0.008218,0.024654,0.008218
56,4406.88,0.924,1.42581,0.59454,1.25976,0,0.88777,0.74137,0.84293,0.53192,0.87753,0.7313,0.82773,0.48703,1.39023,2.28753,0.87674,1.79128,0,0.024555,0.008185,0.024555,0.008185,0.024555,0.008185,0.024555,0.008185
57,4484.13,0.91717,1.42479,0.60125,1.25959,0,0.86779,0.72427,0.81639,0.53546,0.85416,0.7132,0.79613,0.49191,1.33848,2.20473,0.92317,1.69883,0,0.024456,0.008152,0.024456,0.008152,0.024456,0.008152,0.024456,0.008152
58,4561.83,0.90806,1.41426,0.59308,1.25148,0,0.86493,0.77793,0.85637,0.55589,0.84634,0.77501,0.84285,0.50924,1.33208,2.13839,0.84019,1.72276,0,0.024357,0.008119,0.024357,0.008119,0.024357,0.008119,0.024357,0.008119
59,4639.08,0.90487,1.41279,0.59009,1.25135,0,0.8852,0.79589,0.88246,0.58129,0.874,0.78035,0.86281,0.53331,1.27613,2.10983,0.78265,1.67382,0,0.024258,0.008086,0.024258,0.008086,0.024258,0.008086,0.024258,0.008086
60,4716.45,0.92015,1.39996,0.58832,1.25106,0,0.85476,0.76785,0.84585,0.54213,0.84369,0.75745,0.83075,0.49874,1.36273,2.22064,0.89984,1.74541,0,0.024159,0.008053,0.024159,0.008053,0.024159,0.008053,0.024159,0.008053
61,4794.1,0.90507,1.39451,0.57976,1.2407,0,0.86552,0.76507,0.85013,0.55617,0.85999,0.75151,0.83255,0.50901,1.3117,2.13217,0.8512,1.70688,0,0.02406,0.00802,0.02406,0.00802,0.02406,0.00802,0.02406,0.00802
62,4872.72,0.90189,1.40027,0.58404,1.24207,0,0.86586,0.78226,0.86121,0.54368,0.85424,0.76808,0.84115,0.4944,1.38752,2.25574,0.81458,1.78939,0,0.023961,0.007987,0.023961,0.007987,0.023961,0.007987,0.023961,0.007987
63,4954.94,0.91826,1.41558,0.58667,1.2538,0,0.88471,0.79269,0.87804,0.58396,0.87543,0.78139,0.8596,0.53377,1.30414,2.09392,0.76917,1.6928,0,0.023862,0.007954,0.023862,0.007954,0.023862,0.007954,0.023862,0.007954
64,5032.98,0.89813,1.37689,0.57125,1.23612,0,0.8903,0.79704,0.88497,0.59062,0.87799,0.78602,0.86729,0.54134,1.26348,2.03062,0.75116,1.63731,0,0.023763,0.007921,0.023763,0.007921,0.023763,0.007921,0.023763,0.007921
65,5111.09,0.89212,1.37696,0.57088,1.23436,0,0.88347,0.78916,0.87338,0.56966,0.87272,0.77733,0.8573,0.52443,1.32386,2.1434,0.7898,1.72767,0,0.023664,0.007888,0.023664,0.007888,0.023664,0.007888,0.023664,0.007888
66,5192.03,0.89733,1.39715,0.5723,1.24268,0,0.88554,0.76714,0.86563,0.5759,0.87741,0.75326,0.84784,0.52643,1.30097,2.1127,0.87504,1.68388,0,0.023565,0.007855,0.023565,0.007855,0.023565,0.007855,0.023565,0.007855
67,5273.27,0.89911,1.39472,0.57744,1.24201,0,0.85993,0.74485,0.81623,0.46665,0.84253,0.73471,0.79879,0.42091,1.63351,2.68706,0.87532,2.1405,0,0.023466,0.007822,0.023466,0.007822,0.023466,0.007822,0.023466,0.007822
68,5354.98,0.88651,1.37276,0.56571,1.22629,0,0.88555,0.7874,0.87443,0.56271,0.86913,0.77733,0.85706,0.51497,1.36541,2.21876,0.79535,1.78538,0,0.023367,0.007789,0.023367,0.007789,0.023367,0.007789,0.023367,0.007789
69,5431.31,0.88436,1.37034,0.56317,1.22812,0,0.89027,0.75007,0.8571,0.56795,0.88026,0.73818,0.8425,0.51899,1.33543,2.16416,0.82405,1.73712,0,0.023268,0.007756,0.023268,0.007756,0.023268,0.007756,0.023268,0.007756
70,5507.39,0.8986,1.40076,0.56765,1.24571,0,0.86679,0.75355,0.83953,0.5113,0.86317,0.74075,0.82302,0.47326,1.47398,2.36601,0.89866,1.91065,0,0.023169,0.007723,0.023169,0.007723,0.023169,0.007723,0.023169,0.007723
71,5583.87,0.88978,1.3645,0.5668,1.23703,0,0.86499,0.75607,0.84129,0.54561,0.85641,0.74775,0.82639,0.49894,1.34779,2.233,0.85363,1.75411,0,0.02307,0.00769,0.02307,0.00769,0.02307,0.00769,0.02307,0.00769
72,5659.23,0.88411,1.36585,0.56105,1.22396,0,0.86088,0.78043,0.86043,0.54058,0.85346,0.76718,0.84094,0.48831,1.39636,2.25515,0.80168,1.80304,0,0.022971,0.007657,0.022971,0.007657,0.022971,0.007657,0.022971,0.007657
73,5735.28,0.87963,1.34087,0.55944,1.2293,0,0.88279,0.78718,0.87367,0.57145,0.8727,0.78052,0.86203,0.52567,1.33482,2.14201,0.78463,1.73104,0,0.022872,0.007624,0.022872,0.007624,0.022872,0.007624,0.022872,0.007624
74,5810.66,0.87219,1.34884,0.55529,1.21933,0,0.87436,0.78747,0.86793,0.5528,0.86736,0.77927,0.8543,0.50905,1.36981,2.29248,0.79732,1.7991,0,0.022773,0.007591,0.022773,0.007591,0.022773,0.007591,0.022773,0.007591
75,5886.34,0.87437,1.35434,0.56098,1.22709,0,0.89581,0.80777,0.89106,0.61289,0.8801,0.80024,0.87509,0.55953,1.22127,2.01886,0.72425,1.62033,0,0.022674,0.007558,0.022674,0.007558,0.022674,0.007558,0.022674,0.007558
76,5962.27,0.88013,1.35773,0.55818,1.2277,0,0.87355,0.77316,0.86366,0.54745,0.8543,0.77269,0.85122,0.50229,1.40476,2.2681,0.80507,1.83771,0,0.022575,0.007525,0.022575,0.007525,0.022575,0.007525,0.022575,0.007525
77,6038.72,0.87912,1.3514,0.55362,1.22814,0,0.85696,0.7982,0.87018,0.5729,0.84824,0.79008,0.85767,0.52591,1.31314,2.18093,0.80296,1.72171,0,0.022476,0.007492,0.022476,0.007492,0.022476,0.007492,0.022476,0.007492
78,6114.45,0.88145,1.33779,0.5543,1.23268,0,0.88395,0.79095,0.87699,0.58138,0.87553,0.78342,0.86427,0.53035,1.29403,2.11625,0.80016,1.70205,0,0.022377,0.007459,0.022377,0.007459,0.022377,0.007459,0.022377,0.007459
79,6190.56,0.85927,1.32348,0.54711,1.20945,0,0.86624,0.77936,0.85474,0.53749,0.85375,0.76834,0.83581,0.48825,1.38985,2.31244,0.85717,1.81465,0,0.022278,0.007426,0.022278,0.007426,0.022278,0.007426,0.022278,0.007426
80,6266.93,0.86787,1.33506,0.55571,1.22097,0,0.86708,0.79211,0.86608,0.54993,0.85534,0.78139,0.84735,0.50727,1.38188,2.26286,0.78286,1.80584,0,0.022179,0.007393,0.022179,0.007393,0.022179,0.007393,0.022179,0.007393
81,6343.29,0.85615,1.30555,0.54574,1.21652,0,0.88527,0.79643,0.88097,0.59135,0.87245,0.78573,0.86318,0.54233,1.27577,2.06862,0.78783,1.67111,0,0.02208,0.00736,0.02208,0.00736,0.02208,0.00736,0.02208,0.00736
82,6423.02,0.85921,1.32236,0.53776,1.21128,0,0.87442,0.79791,0.87641,0.59207,0.86329,0.78631,0.86207,0.54651,1.27724,2.10004,0.76901,1.67718,0,0.021981,0.007327,0.021981,0.007327,0.021981,0.007327,0.021981,0.007327
83,6505.04,0.85769,1.31069,0.53971,1.21374,0,0.88368,0.79617,0.87513,0.5708,0.87319,0.78429,0.86137,0.52631,1.33009,2.22785,0.78267,1.74492,0,0.021882,0.007294,0.021882,0.007294,0.021882,0.007294,0.021882,0.007294
84,6586.46,0.852,1.28822,0.53799,1.20736,0,0.87605,0.80736,0.88055,0.58364,0.86227,0.79684,0.8634,0.53236,1.28339,2.12948,0.76106,1.70061,0,0.021783,0.007261,0.021783,0.007261,0.021783,0.007261,0.021783,0.007261
85,6667.85,0.85866,1.33429,0.54215,1.21051,0,0.87155,0.79085,0.86582,0.55588,0.85611,0.77936,0.84687,0.50812,1.36399,2.23419,0.7906,1.80273,0,0.021684,0.007228,0.021684,0.007228,0.021684,0.007228,0.021684,0.007228
86,6749.57,0.84816,1.31195,0.52948,1.20562,0,0.86932,0.78117,0.86481,0.57426,0.851,0.77588,0.8471,0.52884,1.31928,2.149,0.8226,1.72367,0,0.021585,0.007195,0.021585,0.007195,0.021585,0.007195,0.021585,0.007195
87,6830.94,0.84651,1.28869,0.53419,1.19604,0,0.87982,0.78689,0.87128,0.54811,0.87193,0.77646,0.85645,0.50469,1.4178,2.32085,0.7795,1.88313,0,0.021486,0.007162,0.021486,0.007162,0.021486,0.007162,0.021486,0.007162
88,6912.2,0.84679,1.30183,0.53089,1.19985,0,0.88175,0.79342,0.8734,0.56437,0.87399,0.78632,0.86244,0.52187,1.36033,2.20973,0.77953,1.79549,0,0.021387,0.007129,0.021387,0.007129,0.021387,0.007129,0.021387,0.007129
89,6993.88,0.84767,1.31007,0.53849,1.19556,0,0.8749,0.7949,0.87822,0.57772,0.86657,0.78371,0.86288,0.53029,1.32741,2.21522,0.80366,1.76843,0,0.021288,0.007096,0.021288,0.007096,0.021288,0.007096,0.021288,0.007096
90,7075.51,0.84181,1.2989,0.53138,1.19889,0,0.89736,0.79646,0.89118,0.58529,0.89015,0.7866,0.8769,0.53972,1.30187,2.1265,0.73427,1.73892,0,0.021189,0.007063,0.021189,0.007063,0.021189,0.007063,0.021189,0.007063
91,7156.9,0.84996,1.31061,0.53513,1.20166,0,0.90036,0.79211,0.88634,0.60487,0.89503,0.78689,0.87582,0.55483,1.23287,2.04195,0.75483,1.65526,0,0.02109,0.00703,0.02109,0.00703,0.02109,0.00703,0.02109,0.00703
92,7238.07,0.83759,1.29528,0.52761,1.19653,0,0.89261,0.79526,0.88524,0.59282,0.88045,0.78576,0.86931,0.54477,1.28244,2.12775,0.75839,1.70304,0,0.020991,0.006997,0.020991,0.006997,0.020991,0.006997,0.020991,0.006997
93,7318.83,0.82234,1.27188,0.52264,1.18602,0,0.89047,0.80864,0.89497,0.61364,0.87669,0.79791,0.87799,0.565,1.22147,2.00274,0.74958,1.63127,0,0.020892,0.006964,0.020892,0.006964,0.020892,0.006964,0.020892,0.006964
94,7399.63,0.83793,1.28675,0.52193,1.19639,0,0.87528,0.80429,0.883,0.59188,0.86887,0.79472,0.8708,0.54229,1.28584,2.1593,0.7801,1.70914,0,0.020793,0.006931,0.020793,0.006931,0.020793,0.006931,0.020793,0.006931
95,7480.57,0.83119,1.27502,0.51633,1.19178,0,0.87716,0.80536,0.88767,0.59314,0.86535,0.79414,0.87291,0.54506,1.28232,2.13171,0.76684,1.68905,0,0.020694,0.006898,0.020694,0.006898,0.020694,0.006898,0.020694,0.006898
96,7561.41,0.83307,1.27422,0.52197,1.18941,0,0.87678,0.81763,0.89349,0.6039,0.86465,0.80632,0.8785,0.55825,1.26036,2.10063,0.75668,1.68465,0,0.020595,0.006865,0.020595,0.006865,0.020595,0.006865,0.020595,0.006865
97,7642.19,0.82339,1.24987,0.51292,1.193,0,0.88041,0.81963,0.89482,0.61591,0.86785,0.80922,0.87909,0.56752,1.22704,2.11145,0.75415,1.64948,0,0.020496,0.006832,0.020496,0.006832,0.020496,0.006832,0.020496,0.006832
98,7723.09,0.82794,1.28099,0.5184,1.19807,0,0.88823,0.80023,0.88976,0.60251,0.8815,0.78507,0.87231,0.5562,1.26459,2.13242,0.76644,1.68047,0,0.020397,0.006799,0.020397,0.006799,0.020397,0.006799,0.020397,0.006799
99,7804.14,0.82138,1.25315,0.51303,1.17457,0,0.88368,0.78852,0.8739,0.59441,0.87513,0.77849,0.85886,0.54535,1.26418,2.17618,0.79584,1.67171,0,0.020298,0.006766,0.020298,0.006766,0.020298,0.006766,0.020298,0.006766
100,7885.04,0.82617,1.26187,0.5153,1.17785,0,0.88478,0.81491,0.89351,0.60374,0.87559,0.80255,0.87743,0.55858,1.26767,2.1002,0.74301,1.68615,0,0.020199,0.006733,0.020199,0.006733,0.020199,0.006733,0.020199,0.006733
101,7965.95,0.81469,1.24486,0.50435,1.17187,0,0.88649,0.79182,0.876,0.5921,0.88155,0.78573,0.86353,0.54609,1.28259,2.19342,0.76197,1.71023,0,0.0201,0.0067,0.0201,0.0067,0.0201,0.0067,0.0201,0.0067
102,8046.51,0.81187,1.2354,0.50187,1.17431,0,0.89341,0.80255,0.88712,0.58286,0.88749,0.79559,0.87671,0.54049,1.33779,2.2079,0.72286,1.78574,0,0.020001,0.006667,0.020001,0.006667,0.020001,0.006667,0.020001,0.006667
103,8127.91,0.81241,1.24684,0.5054,1.18516,0,0.89491,0.81589,0.90312,0.6253,0.8834,0.80516,0.88613,0.57745,1.21985,2.10099,0.68773,1.64398,0,0.019902,0.006634,0.019902,0.006634,0.019902,0.006634,0.019902,0.006634
104,8208.7,0.81105,1.25687,0.50936,1.17355,0,0.8809,0.80255,0.88795,0.60537,0.87315,0.78434,0.8702,0.561,1.2644,2.10638,0.77531,1.69044,0,0.019803,0.006601,0.019803,0.006601,0.019803,0.006601,0.019803,0.006601
105,8289.7,0.80895,1.24265,0.49851,1.17327,0,0.90487,0.7924,0.89284,0.61287,0.89589,0.784,0.88122,0.5702,1.23495,2.06277,0.73551,1.65196,0,0.019704,0.006568,0.019704,0.006568,0.019704,0.006568,0.019704,0.006568
106,8370.52,0.812,1.24308,0.50363,1.17878,0,0.89395,0.78689,0.87879,0.60212,0.88206,0.77617,0.86551,0.55922,1.26291,2.10969,0.76904,1.67419,0,0.019605,0.006535,0.019605,0.006535,0.019605,0.006535,0.019605,0.006535
107,8451.48,0.81107,1.25406,0.5046,1.18202,0,0.88395,0.80139,0.88425,0.58501,0.87339,0.79182,0.87032,0.53527,1.31845,2.18179,0.74436,1.7435,0,0.019506,0.006502,0.019506,0.006502,0.019506,0.006502,0.019506,0.006502
108,8532.42,0.81489,1.25299,0.50816,1.17324,0,0.8852,0.83388,0.90281,0.61017,0.87438,0.82544,0.88771,0.56327,1.2501,2.06542,0.67982,1.67632,0,0.019407,0.006469,0.019407,0.006469,0.019407,0.006469,0.019407,0.006469
109,8613.75,0.79643,1.21561,0.49368,1.15605,0,0.89653,0.79675,0.88591,0.5949,0.88423,0.79153,0.87284,0.54737,1.29017,2.15126,0.73885,1.72537,0,0.019308,0.006436,0.019308,0.006436,0.019308,0.006436,0.019308,0.006436
110,8694.66,0.80521,1.24271,0.50483,1.17107,0,0.88816,0.82169,0.90095,0.61324,0.87096,0.81216,0.88538,0.57037,1.25244,2.05953,0.67959,1.68924,0,0.019209,0.006403,0.019209,0.006403,0.019209,0.006403,0.019209,0.006403
111,8775.95,0.80136,1.23248,0.49905,1.1648,0,0.88878,0.81647,0.89725,0.62285,0.88635,0.80497,0.88431,0.57668,1.22081,2.05606,0.7513,1.64196,0,0.01911,0.00637,0.01911,0.00637,0.01911,0.00637,0.01911,0.00637
112,8857.15,0.81292,1.24561,0.50771,1.17176,0,0.90128,0.80023,0.89397,0.61448,0.89152,0.79095,0.88154,0.56831,1.23696,2.07722,0.72329,1.66337,0,0.019011,0.006337,0.019011,0.006337,0.019011,0.006337,0.019011,0.006337
113,8938.44,0.80034,1.24802,0.49771,1.16536,0,0.89134,0.81966,0.90059,0.61707,0.88588,0.81125,0.88891,0.57018,1.23263,2.09977,0.69647,1.66383,0,0.018912,0.006304,0.018912,0.006304,0.018912,0.006304,0.018912,0.006304
114,9019.93,0.7953,1.23887,0.49347,1.16265,0,0.88776,0.8069,0.89276,0.61239,0.88044,0.80069,0.88213,0.56619,1.24311,2.08117,0.76161,1.67043,0,0.018813,0.006271,0.018813,0.006271,0.018813,0.006271,0.018813,0.006271
115,9101.79,0.79662,1.22917,0.49529,1.1639,0,0.90149,0.8146,0.89997,0.617,0.89436,0.80922,0.88983,0.56905,1.24297,2.07526,0.69488,1.67377,0,0.018714,0.006238,0.018714,0.006238,0.018714,0.006238,0.018714,0.006238
116,9182.86,0.79261,1.21791,0.48945,1.15779,0,0.90904,0.78811,0.88531,0.59775,0.89898,0.77907,0.87077,0.55325,1.27867,2.16574,0.76469,1.71545,0,0.018615,0.006205,0.018615,0.006205,0.018615,0.006205,0.018615,0.006205
117,9263.46,0.79047,1.21753,0.49074,1.16306,0,0.89346,0.81038,0.89417,0.61398,0.88986,0.79415,0.88005,0.57067,1.25417,2.1319,0.72497,1.70133,0,0.018516,0.006172,0.018516,0.006172,0.018516,0.006172,0.018516,0.006172
118,9344.85,0.78801,1.20123,0.47999,1.15449,0,0.89487,0.77243,0.87254,0.59329,0.88788,0.76573,0.86176,0.54943,1.30059,2.24478,0.82183,1.74458,0,0.018417,0.006139,0.018417,0.006139,0.018417,0.006139,0.018417,0.006139
119,9425.76,0.78745,1.2001,0.48297,1.15531,0,0.90713,0.77559,0.88803,0.59673,0.89956,0.7695,0.87578,0.55484,1.28597,2.193,0.75089,1.73473,0,0.018318,0.006106,0.018318,0.006106,0.018318,0.006106,0.018318,0.006106
120,9506.38,0.79449,1.22305,0.49648,1.16233,0,0.88336,0.79928,0.88001,0.59701,0.8775,0.78711,0.86766,0.55104,1.26954,2.13514,0.75364,1.70064,0,0.018219,0.006073,0.018219,0.006073,0.018219,0.006073,0.018219,0.006073
121,9587.35,0.78793,1.22024,0.48874,1.16083,0,0.89985,0.7946,0.8847,0.59544,0.88935,0.78532,0.86949,0.54968,1.28242,2.17193,0.73678,1.72189,0,0.01812,0.00604,0.01812,0.00604,0.01812,0.00604,0.01812,0.00604
122,9668.26,0.78266,1.19501,0.48863,1.15302,0,0.88596,0.79588,0.88438,0.5939,0.87999,0.79086,0.87252,0.54882,1.29107,2.20998,0.73743,1.74508,0,0.018021,0.006007,0.018021,0.006007,0.018021,0.006007,0.018021,0.006007
123,9749.39,0.78367,1.1955,0.48071,1.1492,0,0.89835,0.79414,0.88511,0.60607,0.88591,0.78255,0.86815,0.56377,1.26074,2.11432,0.76484,1.68205,0,0.017922,0.005974,0.017922,0.005974,0.017922,0.005974,0.017922,0.005974
124,9831.67,0.78088,1.18878,0.48963,1.15706,0,0.8908,0.80139,0.88996,0.59523,0.88145,0.79298,0.87727,0.55155,1.30327,2.20861,0.76233,1.75736,0,0.017823,0.005941,0.017823,0.005941,0.017823,0.005941,0.017823,0.005941
125,9918.79,0.77601,1.19814,0.48112,1.14999,0,0.90007,0.81999,0.901,0.61566,0.88702,0.80811,0.88481,0.57367,1.23908,2.09727,0.72584,1.67924,0,0.017724,0.005908,0.017724,0.005908,0.017724,0.005908,0.017724,0.005908
126,10000.8,0.77515,1.19837,0.48517,1.14979,0,0.88381,0.80057,0.88396,0.60456,0.87337,0.79389,0.87277,0.56562,1.26083,2.17971,0.7586,1.69505,0,0.017625,0.005875,0.017625,0.005875,0.017625,0.005875,0.017625,0.005875
127,10075.9,0.76581,1.17892,0.47615,1.14394,0,0.88024,0.804,0.88447,0.60907,0.87167,0.79617,0.86991,0.56458,1.24537,2.18263,0.75055,1.68347,0,0.017526,0.005842,0.017526,0.005842,0.017526,0.005842,0.017526,0.005842
128,10149.9,0.76566,1.17823,0.4761,1.14243,0,0.87567,0.81096,0.89018,0.61483,0.86924,0.80458,0.87922,0.57207,1.25304,2.14677,0.73607,1.69667,0,0.017427,0.005809,0.017427,0.005809,0.017427,0.005809,0.017427,0.005809
129,10223.8,0.7746,1.18463,0.48498,1.15553,0,0.8766,0.80516,0.88686,0.61081,0.87078,0.79211,0.87363,0.56675,1.24904,2.1151,0.75988,1.67893,0,0.017328,0.005776,0.017328,0.005776,0.017328,0.005776,0.017328,0.005776
130,10299.2,0.76625,1.17282,0.47603,1.14703,0,0.88469,0.82024,0.89991,0.61736,0.87213,0.81272,0.88711,0.57318,1.24562,2.11531,0.7129,1.6897,0,0.017229,0.005743,0.017229,0.005743,0.017229,0.005743,0.017229,0.005743
131,10374.7,0.76423,1.17133,0.47281,1.13225,0,0.8964,0.81096,0.89819,0.6104,0.8871,0.80255,0.88693,0.56727,1.26335,2.13735,0.72327,1.72424,0,0.01713,0.00571,0.01713,0.00571,0.01713,0.00571,0.01713,0.00571
132,10455.9,0.76925,1.196,0.47899,1.1458,0,0.88813,0.82372,0.90437,0.61955,0.8791,0.8138,0.89235,0.576,1.24779,2.12439,0.73241,1.70388,0,0.017031,0.005677,0.017031,0.005677,0.017031,0.005677,0.017031,0.005677
133,10538.9,0.78023,1.19083,0.47406,1.14276,0,0.87954,0.82566,0.8976,0.609,0.87151,0.81908,0.88713,0.57013,1.27995,2.21578,0.71585,1.74012,0,0.016932,0.005644,0.016932,0.005644,0.016932,0.005644,0.016932,0.005644
134,10621,0.76434,1.18282,0.47659,1.14069,0,0.8927,0.81777,0.89848,0.61687,0.88157,0.805,0.88231,0.57321,1.24722,2.14921,0.72402,1.68518,0,0.016833,0.005611,0.016833,0.005611,0.016833,0.005611,0.016833,0.005611
135,10699.2,0.76133,1.17205,0.4658,1.13968,0,0.89499,0.79323,0.8796,0.60131,0.88296,0.78308,0.86363,0.56062,1.25358,2.20039,0.78704,1.6931,0,0.016734,0.005578,0.016734,0.005578,0.016734,0.005578,0.016734,0.005578
136,10782.9,0.76123,1.17407,0.46949,1.14419,0,0.8857,0.80658,0.88696,0.6115,0.87601,0.79483,0.87258,0.56742,1.25785,2.16854,0.73391,1.68862,0,0.016635,0.005545,0.016635,0.005545,0.016635,0.005545,0.016635,0.005545
137,10863.9,0.76549,1.18261,0.47147,1.13677,0,0.89282,0.7982,0.89153,0.62264,0.88186,0.7895,0.87744,0.58001,1.23821,2.17315,0.75966,1.67745,0,0.016536,0.005512,0.016536,0.005512,0.016536,0.005512,0.016536,0.005512
138,10944.8,0.75692,1.16176,0.4647,1.13354,0,0.89773,0.80342,0.89344,0.62125,0.88987,0.7953,0.88159,0.57671,1.2453,2.19299,0.74491,1.69494,0,0.016437,0.005479,0.016437,0.005479,0.016437,0.005479,0.016437,0.005479
139,11027.7,0.76235,1.17781,0.46307,1.14535,0,0.89292,0.80998,0.89652,0.62238,0.88342,0.79972,0.88368,0.5784,1.24791,2.19301,0.74046,1.69478,0,0.016338,0.005446,0.016338,0.005446,0.016338,0.005446,0.016338,0.005446
140,11109.3,0.756,1.15956,0.45955,1.13525,0,0.88557,0.80748,0.89084,0.61871,0.8752,0.79936,0.87901,0.56882,1.25002,2.23552,0.76506,1.69175,0,0.016239,0.005413,0.016239,0.005413,0.016239,0.005413,0.016239,0.005413
141,11190.8,0.75441,1.15903,0.46178,1.1355,0,0.89308,0.79919,0.8903,0.61775,0.88379,0.79008,0.87791,0.57572,1.24641,2.19373,0.75903,1.68799,0,0.01614,0.00538,0.01614,0.00538,0.01614,0.00538,0.01614,0.00538
142,11273.7,0.75839,1.15279,0.46316,1.13745,0,0.87877,0.80707,0.88551,0.6172,0.86772,0.79692,0.87397,0.57528,1.23916,2.18955,0.77456,1.69002,0,0.016041,0.005347,0.016041,0.005347,0.016041,0.005347,0.016041,0.005347
143,11355.7,0.75397,1.15592,0.45596,1.13119,0,0.88652,0.81125,0.89397,0.62816,0.87986,0.80516,0.88434,0.58383,1.22297,2.13746,0.73553,1.66741,0,0.015942,0.005314,0.015942,0.005314,0.015942,0.005314,0.015942,0.005314
144,11437,0.7518,1.14937,0.45969,1.12747,0,0.89042,0.78924,0.8804,0.61249,0.87825,0.77907,0.86533,0.57338,1.25434,2.17533,0.79425,1.70081,0,0.015843,0.005281,0.015843,0.005281,0.015843,0.005281,0.015843,0.005281
145,11517.1,0.7569,1.15907,0.46334,1.13346,0,0.89325,0.80307,0.88644,0.62001,0.88455,0.79524,0.87592,0.5787,1.23755,2.16585,0.80543,1.67847,0,0.015744,0.005248,0.015744,0.005248,0.015744,0.005248,0.015744,0.005248
146,11602.4,0.74945,1.14793,0.46432,1.1297,0,0.88939,0.81067,0.89428,0.62528,0.88064,0.80222,0.88385,0.58496,1.23875,2.19384,0.75879,1.68899,0,0.015645,0.005215,0.015645,0.005215,0.015645,0.005215,0.015645,0.005215
147,11683.3,0.74731,1.15895,0.46132,1.12991,0,0.88667,0.80835,0.89027,0.62228,0.87958,0.8011,0.87994,0.58143,1.23309,2.15242,0.76396,1.67799,0,0.015546,0.005182,0.015546,0.005182,0.015546,0.005182,0.015546,0.005182
148,11762,0.7407,1.14386,0.45482,1.12274,0,0.88413,0.81763,0.89594,0.61912,0.87709,0.80693,0.88483,0.57903,1.24973,2.1777,0.73978,1.71233,0,0.015447,0.005149,0.015447,0.005149,0.015447,0.005149,0.015447,0.005149
149,11840.3,0.74354,1.14937,0.45682,1.12443,0,0.8983,0.80162,0.89508,0.62127,0.89165,0.79356,0.88516,0.57853,1.23997,2.21702,0.76547,1.72215,0,0.015348,0.005116,0.015348,0.005116,0.015348,0.005116,0.015348,0.005116
150,11918.4,0.74152,1.13552,0.4559,1.12379,0,0.87956,0.81942,0.89581,0.63048,0.88229,0.79936,0.88377,0.58697,1.21916,2.17717,0.75162,1.67665,0,0.015249,0.005083,0.015249,0.005083,0.015249,0.005083,0.015249,0.005083
151,11997.3,0.74485,1.14654,0.45886,1.12304,0,0.89161,0.81676,0.89874,0.62244,0.88595,0.8063,0.88928,0.577,1.24352,2.21313,0.71931,1.71959,0,0.01515,0.00505,0.01515,0.00505,0.01515,0.00505,0.01515,0.00505
152,12078,0.73929,1.14362,0.45402,1.12131,0,0.88589,0.80545,0.89261,0.62319,0.87551,0.79524,0.87902,0.57621,1.23411,2.21536,0.75984,1.70135,0,0.015051,0.005017,0.015051,0.005017,0.015051,0.005017,0.015051,0.005017
153,12158.9,0.73732,1.13588,0.45329,1.12264,0,0.89383,0.80255,0.8896,0.62052,0.88595,0.78747,0.87458,0.57787,1.2454,2.22568,0.75735,1.70541,0,0.014952,0.004984,0.014952,0.004984,0.014952,0.004984,0.014952,0.004984
154,12237.4,0.73966,1.13824,0.45397,1.11972,0,0.8916,0.79327,0.8824,0.6141,0.88196,0.78226,0.87017,0.56764,1.25577,2.21993,0.768,1.71125,0,0.014853,0.004951,0.014853,0.004951,0.014853,0.004951,0.014853,0.004951
155,12315.2,0.73592,1.12895,0.45047,1.11344,0,0.89024,0.81908,0.89693,0.62629,0.88204,0.81154,0.88578,0.5801,1.23174,2.19152,0.72356,1.6972,0,0.014754,0.004918,0.014754,0.004918,0.014754,0.004918,0.014754,0.004918
156,12393.7,0.73458,1.13719,0.45244,1.11691,0,0.88831,0.80939,0.89577,0.62573,0.87985,0.80042,0.88448,0.58315,1.23115,2.18193,0.74606,1.69375,0,0.014655,0.004885,0.014655,0.004885,0.014655,0.004885,0.014655,0.004885
157,12472.3,0.73744,1.12221,0.45652,1.12504,0,0.89475,0.78631,0.88211,0.61637,0.88899,0.77037,0.8649,0.57003,1.23673,2.23252,0.80209,1.67901,0,0.014556,0.004852,0.014556,0.004852,0.014556,0.004852,0.014556,0.004852
158,12550.4,0.72962,1.10548,0.44911,1.11976,0,0.90809,0.79559,0.89393,0.62025,0.90362,0.78689,0.88302,0.57617,1.23743,2.1836,0.73618,1.69138,0,0.014457,0.004819,0.014457,0.004819,0.014457,0.004819,0.014457,0.004819
159,12628.5,0.73059,1.11695,0.44383,1.11406,0,0.89753,0.80254,0.89363,0.61748,0.89498,0.78747,0.87924,0.57616,1.24977,2.20289,0.75012,1.71077,0,0.014358,0.004786,0.014358,0.004786,0.014358,0.004786,0.014358,0.004786
160,12706.9,0.72643,1.1252,0.45184,1.11274,0,0.89122,0.81478,0.90002,0.62324,0.88139,0.80603,0.88713,0.58214,1.24789,2.18388,0.71694,1.71295,0,0.014259,0.004753,0.014259,0.004753,0.014259,0.004753,0.014259,0.004753
161,12785.3,0.72426,1.10913,0.44318,1.10285,0,0.89737,0.80835,0.89661,0.62829,0.89075,0.80139,0.88741,0.58536,1.23789,2.19854,0.737,1.69444,0,0.01416,0.00472,0.01416,0.00472,0.01416,0.00472,0.01416,0.00472
162,12863.3,0.72404,1.11467,0.44585,1.1083,0,0.90703,0.81096,0.90125,0.63075,0.89915,0.80371,0.89303,0.58912,1.21613,2.19375,0.72337,1.67882,0,0.014061,0.004687,0.014061,0.004687,0.014061,0.004687,0.014061,0.004687
163,12941.3,0.72529,1.12288,0.44704,1.11276,0,0.89646,0.81676,0.89993,0.61971,0.91283,0.78634,0.88702,0.57712,1.24755,2.22647,0.74296,1.71639,0,0.013962,0.004654,0.013962,0.004654,0.013962,0.004654,0.013962,0.004654
164,13019.6,0.7288,1.11911,0.44716,1.115,0,0.90886,0.80377,0.89801,0.61808,0.90242,0.79443,0.8854,0.57554,1.2485,2.22458,0.74426,1.71826,0,0.013863,0.004621,0.013863,0.004621,0.013863,0.004621,0.013863,0.004621
165,13097.7,0.72529,1.11717,0.44168,1.11244,0,0.88756,0.82024,0.90296,0.62563,0.88069,0.80516,0.88913,0.5844,1.24464,2.21487,0.73415,1.70394,0,0.013764,0.004588,0.013764,0.004588,0.013764,0.004588,0.013764,0.004588
166,13175.9,0.72459,1.11222,0.44112,1.11032,0,0.89463,0.81531,0.90157,0.61796,0.88296,0.80714,0.88708,0.57878,1.25876,2.24248,0.71834,1.72885,0,0.013665,0.004555,0.013665,0.004555,0.013665,0.004555,0.013665,0.004555
167,13253.9,0.71831,1.12078,0.44497,1.11662,0,0.89716,0.81702,0.90112,0.61754,0.88857,0.80919,0.89041,0.57665,1.25783,2.23723,0.70374,1.73104,0,0.013566,0.004522,0.013566,0.004522,0.013566,0.004522,0.013566,0.004522
168,13331.7,0.70766,1.083,0.434,1.09793,0,0.90235,0.80632,0.89771,0.62811,0.89002,0.7953,0.88537,0.58658,1.23159,2.26044,0.73036,1.69519,0,0.013467,0.004489,0.013467,0.004489,0.013467,0.004489,0.013467,0.004489
169,13409.9,0.70753,1.09514,0.42928,1.0963,0,0.89966,0.80587,0.89563,0.62736,0.88745,0.79994,0.88458,0.58677,1.24358,2.27958,0.76859,1.71344,0,0.013368,0.004456,0.013368,0.004456,0.013368,0.004456,0.013368,0.004456
170,13487.9,0.70918,1.07652,0.43335,1.10108,0,0.90295,0.79617,0.89422,0.62958,0.89644,0.78168,0.88126,0.58766,1.2416,2.25423,0.80566,1.70301,0,0.013269,0.004423,0.013269,0.004423,0.013269,0.004423,0.013269,0.004423
171,13565.7,0.71765,1.11676,0.43988,1.10462,0,0.89465,0.80514,0.89013,0.62392,0.89375,0.78834,0.87851,0.58311,1.23177,2.23994,0.76317,1.69679,0,0.01317,0.00439,0.01317,0.00439,0.01317,0.00439,0.01317,0.00439
172,13643.6,0.71409,1.11054,0.43814,1.10108,0,0.89409,0.79907,0.8902,0.6254,0.8818,0.78776,0.8747,0.58245,1.23481,2.23272,0.78345,1.69805,0,0.013071,0.004357,0.013071,0.004357,0.013071,0.004357,0.013071,0.004357
173,13721.2,0.70805,1.10851,0.43371,1.1067,0,0.90201,0.80922,0.89812,0.63122,0.89135,0.79965,0.8849,0.58864,1.21634,2.20901,0.73137,1.69257,0,0.012972,0.004324,0.012972,0.004324,0.012972,0.004324,0.012972,0.004324
174,13798.8,0.70879,1.09439,0.43384,1.10435,0,0.89378,0.79675,0.89227,0.62382,0.88513,0.78862,0.87982,0.58075,1.23076,2.24745,0.7463,1.70733,0,0.012873,0.004291,0.012873,0.004291,0.012873,0.004291,0.012873,0.004291
175,13876.7,0.70847,1.08647,0.43477,1.09615,0,0.89782,0.7953,0.89209,0.62256,0.88461,0.78631,0.87795,0.57954,1.24823,2.26489,0.75899,1.72063,0,0.012774,0.004258,0.012774,0.004258,0.012774,0.004258,0.012774,0.004258
176,13954.5,0.7079,1.08544,0.43176,1.09357,0,0.88101,0.80052,0.88879,0.62563,0.86999,0.78963,0.87417,0.58425,1.25042,2.28711,0.80596,1.71469,0,0.012675,0.004225,0.012675,0.004225,0.012675,0.004225,0.012675,0.004225
177,14032.3,0.70267,1.09774,0.43541,1.10716,0,0.88652,0.7996,0.88756,0.62424,0.87551,0.7924,0.87556,0.58392,1.2374,2.27141,0.79443,1.70997,0,0.012576,0.004192,0.012576,0.004192,0.012576,0.004192,0.012576,0.004192
178,14109.8,0.70262,1.07578,0.42323,1.09809,0,0.88214,0.80516,0.89107,0.63279,0.87433,0.79678,0.88096,0.5945,1.20771,2.2165,0.77906,1.68564,0,0.012477,0.004159,0.012477,0.004159,0.012477,0.004159,0.012477,0.004159
179,14187.4,0.69841,1.07489,0.42577,1.09163,0,0.88281,0.8214,0.90276,0.63013,0.88075,0.81009,0.8918,0.59414,1.22456,2.24227,0.72061,1.72346,0,0.012378,0.004126,0.012378,0.004126,0.012378,0.004126,0.012378,0.004126
180,14266.2,0.70143,1.08165,0.43012,1.09322,0,0.89005,0.81674,0.90359,0.63822,0.89247,0.79994,0.89285,0.59671,1.21604,2.2387,0.71565,1.70538,0,0.012279,0.004093,0.012279,0.004093,0.012279,0.004093,0.012279,0.004093
181,14343.9,0.68966,1.06155,0.42637,1.08079,0,0.89296,0.82198,0.90364,0.63878,0.88493,0.81383,0.89235,0.59739,1.20694,2.22061,0.72153,1.69434,0,0.01218,0.00406,0.01218,0.00406,0.01218,0.00406,0.01218,0.00406
182,14422,0.70911,1.08759,0.43141,1.1043,0,0.87805,0.82343,0.90009,0.62938,0.87659,0.80835,0.88886,0.58721,1.22515,2.22056,0.72942,1.70811,0,0.012081,0.004027,0.012081,0.004027,0.012081,0.004027,0.012081,0.004027
183,14499.7,0.70604,1.07735,0.42984,1.10171,0,0.89456,0.81589,0.90154,0.62614,0.88576,0.80748,0.88957,0.5868,1.24216,2.27268,0.71746,1.73567,0,0.011982,0.003994,0.011982,0.003994,0.011982,0.003994,0.011982,0.003994
184,14577.6,0.69512,1.06644,0.42799,1.0976,0,0.88663,0.82227,0.90346,0.63458,0.87662,0.81299,0.8915,0.59435,1.22379,2.24043,0.73748,1.71396,0,0.011883,0.003961,0.011883,0.003961,0.011883,0.003961,0.011883,0.003961
185,14655.5,0.70043,1.07437,0.42584,1.0902,0,0.88169,0.81676,0.89667,0.62045,0.9007,0.78372,0.88429,0.58107,1.25022,2.29597,0.75798,1.75375,0,0.011784,0.003928,0.011784,0.003928,0.011784,0.003928,0.011784,0.003928
186,14732.9,0.68622,1.04679,0.41714,1.08153,0,0.8901,0.81647,0.89578,0.61861,0.88279,0.80574,0.88293,0.57931,1.26434,2.32323,0.73576,1.77683,0,0.011685,0.003895,0.011685,0.003895,0.011685,0.003895,0.011685,0.003895
187,14810.6,0.68898,1.07364,0.41817,1.08944,0,0.90131,0.80255,0.8959,0.62345,0.8911,0.79476,0.8847,0.58472,1.25278,2.30626,0.75306,1.7541,0,0.011586,0.003862,0.011586,0.003862,0.011586,0.003862,0.011586,0.003862
188,14888.7,0.69088,1.05741,0.42417,1.08071,0,0.88932,0.80748,0.8953,0.62644,0.87942,0.79849,0.88282,0.58656,1.24527,2.2752,0.76325,1.73533,0,0.011487,0.003829,0.011487,0.003829,0.011487,0.003829,0.011487,0.003829
189,14966.7,0.68944,1.08158,0.42627,1.09465,0,0.89618,0.80226,0.89258,0.62667,0.88918,0.7924,0.88346,0.58796,1.24412,2.28566,0.752,1.73757,0,0.011388,0.003796,0.011388,0.003796,0.011388,0.003796,0.011388,0.003796
190,15044.2,0.69094,1.04746,0.42282,1.08294,0,0.90989,0.79182,0.89475,0.62788,0.90166,0.78545,0.88641,0.58793,1.24559,2.26149,0.74328,1.73325,0,0.011289,0.003763,0.011289,0.003763,0.011289,0.003763,0.011289,0.003763
191,15122.4,0.68898,1.05761,0.41464,1.08471,0,0.89899,0.79734,0.89414,0.63203,0.89226,0.78997,0.88501,0.59382,1.2318,2.24821,0.767,1.71103,0,0.01119,0.00373,0.01119,0.00373,0.01119,0.00373,0.01119,0.00373
192,15200,0.69014,1.04994,0.41524,1.09056,0,0.89903,0.80804,0.90038,0.63754,0.89552,0.79472,0.88891,0.59677,1.21965,2.22647,0.7461,1.70565,0,0.011091,0.003697,0.011091,0.003697,0.011091,0.003697,0.011091,0.003697
193,15277.8,0.6877,1.04129,0.41504,1.08361,0,0.89199,0.81038,0.89778,0.63525,0.8819,0.80105,0.88762,0.59737,1.21944,2.25687,0.75576,1.70937,0,0.010992,0.003664,0.010992,0.003664,0.010992,0.003664,0.010992,0.003664
194,15355.6,0.68273,1.04984,0.42098,1.083,0,0.88745,0.81647,0.89972,0.63539,0.8813,0.80942,0.88913,0.59532,1.22496,2.26761,0.75179,1.73423,0,0.010893,0.003631,0.010893,0.003631,0.010893,0.003631,0.010893,0.003631
195,15433.5,0.67592,1.05015,0.40933,1.07436,0,0.90127,0.80988,0.89899,0.63248,0.89191,0.80147,0.88704,0.593,1.23764,2.29467,0.74842,1.75158,0,0.010794,0.003598,0.010794,0.003598,0.010794,0.003598,0.010794,0.003598
196,15511.6,0.67729,1.04092,0.41388,1.0792,0,0.89527,0.81763,0.90181,0.64014,0.89052,0.80284,0.88914,0.60138,1.22169,2.27884,0.72917,1.73134,0,0.010695,0.003565,0.010695,0.003565,0.010695,0.003565,0.010695,0.003565
197,15589.5,0.68838,1.0575,0.41815,1.07999,0,0.88915,0.80835,0.89844,0.6326,0.87978,0.7982,0.88545,0.59143,1.23135,2.26913,0.74065,1.73146,0,0.010596,0.003532,0.010596,0.003532,0.010596,0.003532,0.010596,0.003532
198,15666.9,0.67943,1.0448,0.41489,1.08619,0,0.89538,0.80371,0.89794,0.63417,0.88236,0.79849,0.88646,0.5943,1.22763,2.25841,0.76385,1.71643,0,0.010497,0.003499,0.010497,0.003499,0.010497,0.003499,0.010497,0.003499
199,15744.7,0.67675,1.05613,0.41718,1.08278,0,0.89443,0.80822,0.89842,0.63585,0.88473,0.7982,0.88693,0.59698,1.22176,2.25099,0.76392,1.71298,0,0.010398,0.003466,0.010398,0.003466,0.010398,0.003466,0.010398,0.003466
200,15823.5,0.68073,1.06101,0.41362,1.07936,0,0.90527,0.79936,0.89369,0.63011,0.89624,0.7895,0.88372,0.59229,1.22809,2.25185,0.76422,1.72253,0,0.010299,0.003433,0.010299,0.003433,0.010299,0.003433,0.010299,0.003433
201,15902.4,0.68133,1.04489,0.41045,1.07062,0,0.91078,0.79619,0.89593,0.6352,0.89495,0.79501,0.88775,0.59837,1.22844,2.26098,0.76862,1.71996,0,0.0102,0.0034,0.0102,0.0034,0.0102,0.0034,0.0102,0.0034
202,15980.5,0.68106,1.04993,0.42294,1.08397,0,0.91027,0.80002,0.90017,0.63526,0.89971,0.79075,0.88767,0.59709,1.23101,2.28603,0.75514,1.73071,0,0.010101,0.003367,0.010101,0.003367,0.010101,0.003367,0.010101,0.003367
203,16060.7,0.67465,1.03832,0.41267,1.06725,0,0.89209,0.80779,0.89475,0.62947,0.88325,0.79626,0.88267,0.59039,1.24015,2.32308,0.76371,1.74088,0,0.010002,0.003334,0.010002,0.003334,0.010002,0.003334,0.010002,0.003334
204,16141.2,0.67013,1.02037,0.40717,1.07048,0,0.90584,0.79878,0.89763,0.63104,0.8986,0.78573,0.88346,0.59294,1.23426,2.30421,0.75569,1.73889,0,0.009903,0.003301,0.009903,0.003301,0.009903,0.003301,0.009903,0.003301
205,16223.8,0.67272,1.03858,0.40872,1.07849,0,0.90742,0.79211,0.89455,0.628,0.90174,0.77961,0.88273,0.58809,1.24053,2.31504,0.77074,1.74076,0,0.009804,0.003268,0.009804,0.003268,0.009804,0.003268,0.009804,0.003268
206,16303.3,0.68087,1.04894,0.41285,1.07984,0,0.90378,0.79526,0.89426,0.63127,0.89555,0.78516,0.88326,0.59277,1.22995,2.27072,0.79054,1.72301,0,0.009705,0.003235,0.009705,0.003235,0.009705,0.003235,0.009705,0.003235
207,16384,0.67619,1.03159,0.41135,1.0803,0,0.8951,0.80157,0.89134,0.62916,0.88414,0.79269,0.87994,0.59097,1.23071,2.28617,0.79568,1.72733,0,0.009606,0.003202,0.009606,0.003202,0.009606,0.003202,0.009606,0.003202
208,16465.4,0.66338,1.0218,0.41013,1.07225,0,0.89426,0.79936,0.88769,0.62446,0.89026,0.78689,0.87534,0.58701,1.24074,2.29538,0.80483,1.73369,0,0.009507,0.003169,0.009507,0.003169,0.009507,0.003169,0.009507,0.003169
209,16546.8,0.66605,1.02483,0.40164,1.06653,0,0.89684,0.79704,0.88798,0.62501,0.88555,0.78741,0.87565,0.58837,1.2365,2.30671,0.8047,1.72788,0,0.009408,0.003136,0.009408,0.003136,0.009408,0.003136,0.009408,0.003136
210,16628.6,0.66413,1.02117,0.40723,1.0629,0,0.90271,0.79182,0.89114,0.63066,0.89147,0.78197,0.87879,0.59325,1.23053,2.31924,0.79692,1.73014,0,0.009309,0.003103,0.009309,0.003103,0.009309,0.003103,0.009309,0.003103
211,16709.3,0.66927,1.02646,0.40816,1.07874,0,0.89218,0.80458,0.89114,0.63061,0.8814,0.79501,0.87978,0.59318,1.22773,2.31704,0.80755,1.7285,0,0.00921,0.00307,0.00921,0.00307,0.00921,0.00307,0.00921,0.00307
212,16790,0.66775,1.02417,0.41164,1.07231,0,0.89561,0.80806,0.89434,0.6358,0.88539,0.7982,0.88077,0.59578,1.21863,2.31232,0.803,1.71563,0,0.009111,0.003037,0.009111,0.003037,0.009111,0.003037,0.009111,0.003037
213,16872,0.66809,1.03412,0.40266,1.07705,0,0.90219,0.80233,0.89226,0.63388,0.89398,0.79453,0.88335,0.59738,1.22534,2.32076,0.7964,1.727,0,0.009012,0.003004,0.009012,0.003004,0.009012,0.003004,0.009012,0.003004
214,16952.7,0.65621,1.01135,0.3993,1.0559,0,0.9012,0.80081,0.89089,0.63133,0.89111,0.79327,0.88071,0.59512,1.22768,2.32809,0.80145,1.73167,0,0.008913,0.002971,0.008913,0.002971,0.008913,0.002971,0.008913,0.002971
215,17033.4,0.65595,1.00894,0.39598,1.06235,0,0.89554,0.79269,0.88894,0.6309,0.88342,0.78197,0.87651,0.5939,1.23201,2.35596,0.82858,1.73644,0,0.008814,0.002938,0.008814,0.002938,0.008814,0.002938,0.008814,0.002938
216,17113.7,0.66268,1.0108,0.40136,1.07443,0,0.89543,0.79946,0.8889,0.63008,0.88255,0.78921,0.87549,0.59316,1.23372,2.34003,0.81458,1.73372,0,0.008715,0.002905,0.008715,0.002905,0.008715,0.002905,0.008715,0.002905
217,17195.2,0.66027,1.015,0.40306,1.06411,0,0.89402,0.80221,0.88992,0.63036,0.884,0.79322,0.87851,0.59223,1.23478,2.32563,0.80311,1.73703,0,0.008616,0.002872,0.008616,0.002872,0.008616,0.002872,0.008616,0.002872
218,17276.5,0.65382,1.01722,0.39758,1.06234,0,0.89182,0.80255,0.89145,0.62944,0.8853,0.79327,0.88035,0.59011,1.23931,2.33022,0.80584,1.74664,0,0.008517,0.002839,0.008517,0.002839,0.008517,0.002839,0.008517,0.002839
219,17357.2,0.66178,1.01678,0.40762,1.06643,0,0.90036,0.79414,0.89141,0.63172,0.8928,0.78747,0.88155,0.59341,1.23781,2.35471,0.81485,1.74538,0,0.008418,0.002806,0.008418,0.002806,0.008418,0.002806,0.008418,0.002806
220,17437.7,0.66273,1.0146,0.39862,1.06448,0,0.89495,0.80275,0.89244,0.63381,0.89789,0.78528,0.88292,0.59578,1.22977,2.33699,0.80087,1.73744,0,0.008319,0.002773,0.008319,0.002773,0.008319,0.002773,0.008319,0.002773
221,17518.7,0.64576,0.99492,0.39451,1.05659,0,0.89564,0.80023,0.89338,0.63543,0.88785,0.79182,0.88257,0.59772,1.22827,2.34737,0.8103,1.73827,0,0.00822,0.00274,0.00822,0.00274,0.00822,0.00274,0.00822,0.00274
222,17599.5,0.65053,1.00118,0.39386,1.05891,0,0.89312,0.80196,0.89228,0.63454,0.88213,0.79182,0.88011,0.59624,1.23059,2.33003,0.81518,1.73884,0,0.008121,0.002707,0.008121,0.002707,0.008121,0.002707,0.008121,0.002707
223,17680.9,0.65109,0.9959,0.39034,1.0563,0,0.89523,0.79772,0.89002,0.63418,0.88612,0.7896,0.8801,0.59709,1.228,2.34445,0.81777,1.73625,0,0.008022,0.002674,0.008022,0.002674,0.008022,0.002674,0.008022,0.002674
224,17763.5,0.647,1.00778,0.39781,1.05738,0,0.89445,0.80096,0.89153,0.63452,0.88603,0.79343,0.88274,0.59751,1.23048,2.35716,0.8166,1.74526,0,0.007923,0.002641,0.007923,0.002641,0.007923,0.002641,0.007923,0.002641
225,17845.1,0.65462,1.01684,0.39799,1.06214,0,0.89403,0.79994,0.89052,0.63264,0.88369,0.78979,0.87825,0.59558,1.23123,2.34881,0.82071,1.74918,0,0.007824,0.002608,0.007824,0.002608,0.007824,0.002608,0.007824,0.002608
226,17926.9,0.65047,1.00007,0.39884,1.0621,0,0.89488,0.79762,0.89096,0.63503,0.88457,0.78747,0.87929,0.59875,1.2285,2.34027,0.81923,1.74353,0,0.007725,0.002575,0.007725,0.002575,0.007725,0.002575,0.007725,0.002575
227,18008.3,0.64697,0.98965,0.39156,1.05457,0,0.90042,0.79559,0.88954,0.63526,0.90094,0.77936,0.87797,0.59907,1.22655,2.35182,0.83446,1.73857,0,0.007626,0.002542,0.007626,0.002542,0.007626,0.002542,0.007626,0.002542
228,18087.7,0.65032,1.01147,0.39417,1.05643,0,0.90495,0.79704,0.89244,0.63706,0.89541,0.78863,0.88221,0.60208,1.22445,2.35327,0.82082,1.73089,0,0.007527,0.002509,0.007527,0.002509,0.007527,0.002509,0.007527,0.002509
229,18164.8,0.65211,1.00402,0.39355,1.05542,0,0.90675,0.79785,0.89273,0.63765,0.89608,0.79006,0.88144,0.60142,1.22529,2.3513,0.81893,1.73416,0,0.007428,0.002476,0.007428,0.002476,0.007428,0.002476,0.007428,0.002476
230,18244.9,0.64766,1.01002,0.396,1.05362,0,0.90283,0.80371,0.89389,0.63916,0.8912,0.79501,0.88332,0.60117,1.22498,2.35205,0.80534,1.74116,0,0.007329,0.002443,0.007329,0.002443,0.007329,0.002443,0.007329,0.002443
231,18325.9,0.64032,0.98314,0.38793,1.05263,0,0.89891,0.80441,0.89603,0.63882,0.88854,0.79513,0.88455,0.60093,1.22968,2.36392,0.80085,1.75216,0,0.00723,0.00241,0.00723,0.00241,0.00723,0.00241,0.00723,0.00241
232,18407.4,0.63889,0.9888,0.39025,1.05239,0,0.89243,0.80719,0.8968,0.63747,0.90333,0.78298,0.88443,0.6009,1.22798,2.37266,0.79524,1.75449,0,0.007131,0.002377,0.007131,0.002377,0.007131,0.002377,0.007131,0.002377
233,18491.1,0.63907,0.98713,0.3932,1.05516,0,0.90606,0.79701,0.8935,0.63539,0.88861,0.791,0.88253,0.59812,1.23164,2.37679,0.798,1.7617,0,0.007032,0.002344,0.007032,0.002344,0.007032,0.002344,0.007032,0.002344
234,18574.7,0.63588,0.98194,0.38841,1.04973,0,0.90975,0.79209,0.89168,0.63283,0.90043,0.78397,0.88169,0.59564,1.23497,2.38696,0.80049,1.76506,0,0.006933,0.002311,0.006933,0.002311,0.006933,0.002311,0.006933,0.002311
235,18656.3,0.63454,0.97789,0.38781,1.05044,0,0.90722,0.79965,0.89643,0.63487,0.90589,0.78197,0.88492,0.59707,1.23266,2.3881,0.78009,1.76899,0,0.006834,0.002278,0.006834,0.002278,0.006834,0.002278,0.006834,0.002278
236,18736.6,0.64178,0.99354,0.39096,1.05156,0,0.90652,0.7982,0.89372,0.6373,0.8959,0.78863,0.88309,0.60035,1.22604,2.37172,0.78978,1.75677,0,0.006735,0.002245,0.006735,0.002245,0.006735,0.002245,0.006735,0.002245
237,18818.9,0.63836,0.98409,0.3875,1.05049,0,0.89463,0.8074,0.89433,0.63871,0.88361,0.7982,0.8833,0.602,1.22546,2.36704,0.78588,1.75486,0,0.006636,0.002212,0.006636,0.002212,0.006636,0.002212,0.006636,0.002212
238,18901,0.63443,0.97331,0.38381,1.04486,0,0.89814,0.80226,0.89251,0.63609,0.88905,0.79414,0.88325,0.59956,1.22693,2.38742,0.7966,1.75929,0,0.006537,0.002179,0.006537,0.002179,0.006537,0.002179,0.006537,0.002179
239,18979.7,0.63223,0.9718,0.38245,1.03769,0,0.89549,0.80742,0.89612,0.63782,0.88617,0.79901,0.88582,0.60138,1.22516,2.39411,0.79257,1.76274,0,0.006438,0.002146,0.006438,0.002146,0.006438,0.002146,0.006438,0.002146
240,19058.3,0.62784,0.96655,0.38229,1.03875,0,0.89777,0.80371,0.89413,0.63861,0.88805,0.79501,0.88358,0.60266,1.22563,2.38322,0.81288,1.75402,0,0.006339,0.002113,0.006339,0.002113,0.006339,0.002113,0.006339,0.002113
241,19138.5,0.63131,0.96074,0.38167,1.04622,0,0.89922,0.8011,0.89242,0.63577,0.88894,0.79135,0.88141,0.5989,1.23405,2.40321,0.81961,1.76213,0,0.00624,0.00208,0.00624,0.00208,0.00624,0.00208,0.00624,0.00208
242,19222.2,0.62928,0.9756,0.38216,1.04266,0,0.897,0.79878,0.88964,0.63325,0.88604,0.78902,0.87737,0.59751,1.23552,2.431,0.82176,1.76806,0,0.006141,0.002047,0.006141,0.002047,0.006141,0.002047,0.006141,0.002047
243,19303.3,0.63609,0.98511,0.38683,1.0478,0,0.906,0.78805,0.88436,0.62943,0.89521,0.77907,0.87363,0.59465,1.23542,2.43694,0.8362,1.76509,0,0.006042,0.002014,0.006042,0.002014,0.006042,0.002014,0.006042,0.002014
244,19386.1,0.62587,0.97671,0.378,1.04363,0,0.90394,0.78979,0.88579,0.63112,0.89432,0.78139,0.87538,0.59578,1.23411,2.42446,0.83406,1.76491,0,0.005943,0.001981,0.005943,0.001981,0.005943,0.001981,0.005943,0.001981
245,19466.6,0.62561,0.97378,0.38089,1.03472,0,0.90524,0.79704,0.88827,0.63293,0.89409,0.78813,0.87833,0.59807,1.22895,2.41361,0.83413,1.75785,0,0.005844,0.001948,0.005844,0.001948,0.005844,0.001948,0.005844,0.001948
246,19549.5,0.61498,0.94355,0.37328,1.03229,0,0.90484,0.79402,0.88907,0.6352,0.89493,0.78532,0.87934,0.60051,1.22603,2.4121,0.84037,1.75202,0,0.005745,0.001915,0.005745,0.001915,0.005745,0.001915,0.005745,0.001915
247,19634.4,0.6354,0.98316,0.38055,1.05051,0,0.91097,0.79443,0.89323,0.63678,0.90033,0.78516,0.88254,0.60269,1.22465,2.41505,0.83731,1.74908,0,0.005646,0.001882,0.005646,0.001882,0.005646,0.001882,0.005646,0.001882
248,19715.1,0.62768,0.9633,0.38285,1.04243,0,0.90931,0.79791,0.8926,0.63691,0.89966,0.78834,0.88126,0.60179,1.22316,2.41701,0.82897,1.74946,0,0.005547,0.001849,0.005547,0.001849,0.005547,0.001849,0.005547,0.001849
249,19796,0.6223,0.96422,0.37694,1.03994,0,0.91414,0.79644,0.89328,0.63838,0.90473,0.78746,0.8834,0.60318,1.22173,2.41908,0.82445,1.75032,0,0.005448,0.001816,0.005448,0.001816,0.005448,0.001816,0.005448,0.001816
250,19885.3,0.62131,0.97193,0.3756,1.03292,0,0.90829,0.79472,0.89224,0.63694,0.9001,0.78081,0.88025,0.60197,1.22528,2.4276,0.83366,1.75446,0,0.005349,0.001783,0.005349,0.001783,0.005349,0.001783,0.005349,0.001783
251,19963.4,0.61984,0.94467,0.37893,1.03486,0,0.9131,0.78834,0.89219,0.6367,0.90068,0.77762,0.87955,0.60069,1.22686,2.43567,0.83134,1.75687,0,0.00525,0.00175,0.00525,0.00175,0.00525,0.00175,0.00525,0.00175
252,20040.6,0.61816,0.95876,0.37905,1.0369,0,0.90504,0.7924,0.89063,0.6349,0.89316,0.78168,0.87722,0.59864,1.22843,2.44593,0.8369,1.76194,0,0.005151,0.001717,0.005151,0.001717,0.005151,0.001717,0.005151,0.001717
253,20119.7,0.61787,0.95634,0.37747,1.04125,0,0.90324,0.79704,0.89063,0.63391,0.89694,0.78224,0.87795,0.59775,1.22723,2.44342,0.83322,1.76093,0,0.005052,0.001684,0.005052,0.001684,0.005052,0.001684,0.005052,0.001684
254,20196.9,0.61742,0.96351,0.37785,1.03594,0,0.90072,0.79704,0.88887,0.63294,0.89122,0.78387,0.87586,0.59698,1.22833,2.4543,0.83712,1.76154,0,0.004953,0.001651,0.004953,0.001651,0.004953,0.001651,0.004953,0.001651
255,20274.5,0.6189,0.95302,0.37432,1.03596,0,0.90262,0.79211,0.88711,0.63419,0.89711,0.78052,0.87593,0.59752,1.23123,2.44794,0.84602,1.7639,0,0.004854,0.001618,0.004854,0.001618,0.004854,0.001618,0.004854,0.001618
256,20352.8,0.60979,0.93383,0.36455,1.03208,0,0.90207,0.79323,0.88892,0.63468,0.89648,0.77835,0.87619,0.59783,1.23131,2.44943,0.83464,1.76607,0,0.004755,0.001585,0.004755,0.001585,0.004755,0.001585,0.004755,0.001585
257,20430.8,0.61865,0.96734,0.37955,1.03588,0,0.90426,0.79418,0.89009,0.63529,0.8943,0.78255,0.87793,0.59949,1.23113,2.43793,0.82991,1.76956,0,0.004656,0.001552,0.004656,0.001552,0.004656,0.001552,0.004656,0.001552
258,20508.6,0.60897,0.94272,0.37038,1.02855,0,0.90438,0.79528,0.89062,0.63509,0.8942,0.78602,0.87927,0.59898,1.23098,2.44817,0.82929,1.77173,0,0.004557,0.001519,0.004557,0.001519,0.004557,0.001519,0.004557,0.001519
259,20587.4,0.61061,0.94227,0.36967,1.03486,0,0.90888,0.7953,0.89052,0.63398,0.89717,0.7842,0.87904,0.59762,1.23238,2.45957,0.83506,1.77437,0,0.004458,0.001486,0.004458,0.001486,0.004458,0.001486,0.004458,0.001486
260,20664,0.60465,0.94596,0.36849,1.03025,0,0.90642,0.79755,0.89132,0.63488,0.89455,0.78711,0.8783,0.59792,1.23225,2.45264,0.83821,1.77103,0,0.004359,0.001453,0.004359,0.001453,0.004359,0.001453,0.004359,0.001453
261,20742,0.61393,0.95443,0.37221,1.03125,0,0.90359,0.79936,0.89117,0.63489,0.89277,0.78863,0.87845,0.59884,1.23319,2.45045,0.83952,1.77272,0,0.00426,0.00142,0.00426,0.00142,0.00426,0.00142,0.00426,0.00142
262,20819.8,0.61141,0.94271,0.37077,1.03379,0,0.90309,0.7998,0.89183,0.6362,0.89229,0.79023,0.88017,0.59938,1.23201,2.44742,0.82972,1.77406,0,0.004161,0.001387,0.004161,0.001387,0.004161,0.001387,0.004161,0.001387
263,20898.1,0.60842,0.94144,0.3708,1.03089,0,0.90593,0.79791,0.89108,0.6361,0.89573,0.78892,0.88016,0.59966,1.23249,2.45469,0.8307,1.77541,0,0.004062,0.001354,0.004062,0.001354,0.004062,0.001354,0.004062,0.001354
264,20975.5,0.60648,0.94462,0.36703,1.03214,0,0.91001,0.79753,0.89285,0.63731,0.89923,0.79037,0.88278,0.60103,1.2309,2.45057,0.83152,1.7735,0,0.003963,0.001321,0.003963,0.001321,0.003963,0.001321,0.003963,0.001321
265,21052.5,0.60503,0.93303,0.36827,1.03312,0,0.9069,0.80284,0.89374,0.63695,0.89788,0.79538,0.88383,0.60203,1.22933,2.45321,0.82335,1.77367,0,0.003864,0.001288,0.003864,0.001288,0.003864,0.001288,0.003864,0.001288
266,21130.1,0.60431,0.93443,0.36825,1.02259,0,0.90932,0.79952,0.8938,0.63734,0.89851,0.79153,0.8826,0.60087,1.22907,2.46773,0.82736,1.77474,0,0.003765,0.001255,0.003765,0.001255,0.003765,0.001255,0.003765,0.001255
267,21210.3,0.60361,0.93971,0.37139,1.02685,0,0.90929,0.80052,0.89527,0.63866,0.89915,0.79269,0.88537,0.60344,1.2251,2.46689,0.82311,1.77173,0,0.003666,0.001222,0.003666,0.001222,0.003666,0.001222,0.003666,0.001222
268,21288.1,0.60195,0.94378,0.3672,1.029,0,0.90687,0.80487,0.89561,0.63928,0.89649,0.79602,0.88577,0.6027,1.22652,2.46669,0.82573,1.7732,0,0.003567,0.001189,0.003567,0.001189,0.003567,0.001189,0.003567,0.001189
269,21365.5,0.60896,0.94955,0.37655,1.03018,0,0.90775,0.80168,0.89492,0.63811,0.8961,0.79518,0.88476,0.60113,1.22805,2.46408,0.83313,1.774,0,0.003468,0.001156,0.003468,0.001156,0.003468,0.001156,0.003468,0.001156
270,21443.6,0.6017,0.94872,0.36905,1.0286,0,0.90935,0.79988,0.89346,0.63679,0.89723,0.7924,0.88241,0.60045,1.23044,2.47692,0.8411,1.77893,0,0.003369,0.001123,0.003369,0.001123,0.003369,0.001123,0.003369,0.001123
271,21521.1,0.60317,0.93438,0.36788,1.03345,0,0.90933,0.79963,0.893,0.63601,0.89775,0.79037,0.88249,0.60003,1.23043,2.49145,0.84323,1.77998,0,0.00327,0.00109,0.00327,0.00109,0.00327,0.00109,0.00327,0.00109
272,21599.6,0.59223,0.90596,0.35953,1.01838,0,0.90788,0.80011,0.89217,0.63583,0.89721,0.79211,0.88233,0.60059,1.23082,2.50243,0.84553,1.78091,0,0.003171,0.001057,0.003171,0.001057,0.003171,0.001057,0.003171,0.001057
273,21677.7,0.59425,0.9327,0.36775,1.02113,0,0.91051,0.79942,0.89181,0.63493,0.89822,0.7895,0.88052,0.59969,1.23123,2.50544,0.84735,1.78235,0,0.003072,0.001024,0.003072,0.001024,0.003072,0.001024,0.003072,0.001024
274,21754.8,0.59571,0.92321,0.36353,1.01616,0,0.90864,0.79875,0.89102,0.63467,0.89742,0.7889,0.87997,0.59899,1.23198,2.5082,0.8441,1.78275,0,0.002973,0.000991,0.002973,0.000991,0.002973,0.000991,0.002973,0.000991
275,21833,0.59801,0.9382,0.36625,1.0192,0,0.91074,0.79872,0.89203,0.6358,0.899,0.78968,0.88108,0.60014,1.2321,2.51494,0.8436,1.78601,0,0.002874,0.000958,0.002874,0.000958,0.002874,0.000958,0.002874,0.000958
276,21910.6,0.59487,0.91359,0.35778,1.01717,0,0.90895,0.79704,0.89105,0.63602,0.89804,0.78747,0.87956,0.59963,1.23263,2.51306,0.84912,1.78663,0,0.002775,0.000925,0.002775,0.000925,0.002775,0.000925,0.002775,0.000925
277,21989,0.59661,0.92547,0.36558,1.02129,0,0.91115,0.79559,0.89126,0.63629,0.89986,0.78687,0.87992,0.59973,1.23099,2.50945,0.85001,1.785,0,0.002676,0.000892,0.002676,0.000892,0.002676,0.000892,0.002676,0.000892
278,22066.5,0.58993,0.91396,0.35891,1.01576,0,0.90998,0.79443,0.8915,0.6362,0.89936,0.78516,0.88018,0.60046,1.23118,2.50609,0.85157,1.78499,0,0.002577,0.000859,0.002577,0.000859,0.002577,0.000859,0.002577,0.000859
279,22143.9,0.59533,0.93444,0.36411,1.0185,0,0.91064,0.79481,0.89112,0.63719,0.90049,0.78602,0.88049,0.6008,1.22985,2.50467,0.85152,1.78425,0,0.002478,0.000826,0.002478,0.000826,0.002478,0.000826,0.002478,0.000826
280,22220.7,0.5955,0.92074,0.3588,1.01583,0,0.90992,0.79661,0.89221,0.63809,0.90135,0.78677,0.8825,0.60219,1.22899,2.50396,0.8481,1.78468,0,0.002379,0.000793,0.002379,0.000793,0.002379,0.000793,0.002379,0.000793
281,22297.4,0.5966,0.93535,0.36128,1.01587,0,0.91173,0.79646,0.89266,0.63732,0.90105,0.7868,0.88116,0.60176,1.23017,2.50897,0.85145,1.78657,0,0.00228,0.00076,0.00228,0.00076,0.00228,0.00076,0.00228,0.00076
282,22374.7,0.58612,0.90457,0.35733,1.0163,0,0.91273,0.79747,0.89365,0.63786,0.90177,0.7879,0.8825,0.60253,1.22892,2.51096,0.84987,1.7865,0,0.002181,0.000727,0.002181,0.000727,0.002181,0.000727,0.002181,0.000727
283,22453.5,0.59139,0.92025,0.3587,1.01967,0,0.91231,0.79791,0.8929,0.63771,0.90283,0.78834,0.8826,0.6017,1.22787,2.51502,0.84885,1.78605,0,0.002082,0.000694,0.002082,0.000694,0.002082,0.000694,0.002082,0.000694
284,22532.6,0.59119,0.92153,0.36044,1.02004,0,0.91382,0.79932,0.89281,0.63747,0.9029,0.78863,0.88047,0.60002,1.22759,2.5138,0.8495,1.78593,0,0.001983,0.000661,0.001983,0.000661,0.001983,0.000661,0.001983,0.000661
285,22611.8,0.59165,0.90878,0.35708,1.01717,0,0.91237,0.8011,0.89258,0.63587,0.90148,0.79153,0.88114,0.59948,1.22747,2.51293,0.84591,1.78741,0,0.001884,0.000628,0.001884,0.000628,0.001884,0.000628,0.001884,0.000628
286,22690.3,0.58911,0.93288,0.35712,1.0224,0,0.9117,0.80081,0.89291,0.63492,0.90231,0.79153,0.88223,0.59931,1.2278,2.51131,0.84394,1.78957,0,0.001785,0.000595,0.001785,0.000595,0.001785,0.000595,0.001785,0.000595
287,22767.2,0.58682,0.91104,0.35542,1.01531,0,0.91071,0.80137,0.89235,0.63539,0.90147,0.79055,0.88135,0.60006,1.22888,2.513,0.84176,1.79156,0,0.001686,0.000562,0.001686,0.000562,0.001686,0.000562,0.001686,0.000562
288,22846.3,0.58708,0.9211,0.35298,1.01266,0,0.91118,0.79907,0.89158,0.63585,0.90153,0.79008,0.88101,0.59999,1.22753,2.51781,0.84347,1.79144,0,0.001587,0.000529,0.001587,0.000529,0.001587,0.000529,0.001587,0.000529
289,22925.1,0.57997,0.89196,0.35282,1.00985,0,0.91188,0.80106,0.89153,0.63659,0.90203,0.7902,0.88049,0.6006,1.22642,2.51727,0.84811,1.79023,0,0.001488,0.000496,0.001488,0.000496,0.001488,0.000496,0.001488,0.000496
290,23003.6,0.58283,0.90005,0.34891,1.00798,0,0.91178,0.80023,0.89142,0.6377,0.90203,0.79018,0.88076,0.60199,1.22558,2.51969,0.85154,1.78979,0,0.001389,0.000463,0.001389,0.000463,0.001389,0.000463,0.001389,0.000463
291,23100.5,0.94061,1.54401,0.65837,1.42169,0,0.92549,0.74912,0.85206,0.59632,0.91152,0.73781,0.83524,0.55926,1.2544,2.50634,1.00025,1.79677,0,0.00129,0.00043,0.00129,0.00043,0.00129,0.00043,0.00129,0.00043
292,23177,0.68967,1.01793,0.38896,1.15737,0,0.94285,0.6715,0.80566,0.54803,0.9225,0.657,0.78576,0.51357,1.36111,2.60668,1.24912,1.88772,0,0.001191,0.000397,0.001191,0.000397,0.001191,0.000397,0.001191,0.000397
293,23253.4,0.63145,0.94406,0.35393,1.09936,0,0.94092,0.64186,0.80992,0.55342,0.92264,0.6294,0.79135,0.51887,1.39659,2.61448,1.35742,1.90685,0,0.001092,0.000364,0.001092,0.000364,0.001092,0.000364,0.001092,0.000364
294,23329.5,0.60705,0.9017,0.33865,1.07686,0,0.93791,0.64816,0.80103,0.54716,0.91861,0.63483,0.7819,0.51159,1.37453,2.56836,1.34706,1.86837,0,0.000993,0.000331,0.000993,0.000331,0.000993,0.000331,0.000993,0.000331
295,23406,0.58141,0.85366,0.32517,1.06459,0,0.93453,0.67465,0.76577,0.51566,0.91727,0.66219,0.74779,0.47919,1.3357,2.51138,1.26044,1.82456,0,0.000894,0.000298,0.000894,0.000298,0.000894,0.000298,0.000894,0.000298
296,23481.9,0.58547,0.86683,0.32844,1.06392,0,0.93076,0.68597,0.73726,0.49817,0.91542,0.67466,0.71918,0.46313,1.32126,2.48984,1.20544,1.81441,0,0.000795,0.000265,0.000795,0.000265,0.000795,0.000265,0.000795,0.000265
297,23557.8,0.57437,0.85248,0.31899,1.05308,0,0.93434,0.68629,0.72432,0.49524,0.91974,0.67556,0.70912,0.46053,1.30961,2.48187,1.1794,1.80897,0,0.000696,0.000232,0.000696,0.000232,0.000696,0.000232,0.000696,0.000232
298,23633.9,0.57233,0.8504,0.32175,1.05866,0,0.93212,0.69121,0.72491,0.49858,0.9196,0.68194,0.70945,0.4626,1.30333,2.48025,1.16208,1.81051,0,0.000597,0.000199,0.000597,0.000199,0.000597,0.000199,0.000597,0.000199
299,23710.3,0.56885,0.84902,0.31683,1.04907,0,0.93611,0.67974,0.72254,0.49629,0.92094,0.66872,0.70612,0.46106,1.30012,2.49267,1.18013,1.81166,0,0.000498,0.000166,0.000498,0.000166,0.000498,0.000166,0.000498,0.000166
300,23786.7,0.56199,0.83898,0.31213,1.0444,0,0.94784,0.66077,0.71716,0.49443,0.93383,0.6506,0.70137,0.45825,1.29583,2.49634,1.20448,1.81363,0,0.000399,0.000133,0.000399,0.000133,0.000399,0.000133,0.000399,0.000133
