epoch,train_loss_all,train_acc_all,val_loss_all,val_acc_all
1,2.3037848861694337,0.0945,2.302716802597046,0.1
2,2.303108080673218,0.09340000000000001,2.302654022216797,0.1
3,2.3173463729858397,0.1051,2.3027166862487793,0.1
4,2.291232650756836,0.1107,2.28685933303833,0.137
5,1.8381078844070435,0.3131,1.5254510746002197,0.435
6,1.3155459083557128,0.5099,1.4944613695144653,0.541
7,1.1284801383018495,0.5858,1.1190654983520507,0.614
8,0.9963286304473877,0.6393,1.0045705194473267,0.637
9,0.8470933353424073,0.6975,0.8033136970996857,0.719
10,0.7408897939682006,0.7341000000000001,0.7194778039455414,0.74
11,0.635189014339447,0.7683,0.6224125910997391,0.784
12,0.5568040804386138,0.7972,0.6094269096851349,0.777
13,0.48294132895469666,0.8248000000000001,0.5276715996563435,0.799
14,0.4283010574579239,0.8461000000000001,0.4947923352718353,0.8240000000000001
15,0.38092537589073183,0.8627,0.5078252660669387,0.8260000000000001
16,0.33070265156030654,0.8809,0.48267643900588153,0.854
17,0.3104497897863388,0.888,0.3424495830833912,0.893
18,0.29359364722967146,0.8942,0.4889222621768713,0.842
19,0.25575963997840884,0.9124,0.35658799729496243,0.873
20,0.25390560101270676,0.9119,0.3722825416326523,0.891
21,0.2152542138636112,0.924,0.33082331392169,0.895
22,0.20495963704884052,0.9255,0.3614613228440285,0.894
23,0.20743815182447434,0.9283,0.4217703967168927,0.873
24,0.16808200905323029,0.9412,0.34742910993099213,0.889
25,0.17062164229154586,0.9409000000000001,0.36364001011289654,0.885
26,0.1607170862019062,0.9426,0.3713813988268375,0.877
27,0.162425596049428,0.9438000000000001,0.30126781195402147,0.901
28,0.15124267018139362,0.9471,0.38759313786029814,0.887
29,0.1638189430654049,0.9385,0.25868647468835115,0.912
30,0.11815831128507853,0.9589000000000001,0.2570601102039218,0.924
31,0.12997380474284292,0.9549000000000001,0.3636503419354558,0.888
32,0.14877212858796118,0.9480000000000001,0.5213526685237885,0.866
33,0.12329333132430911,0.9604,0.32719048365950587,0.885
34,0.10798600263521076,0.9635,0.28885709136724474,0.917
35,0.10726640643626452,0.9629000000000001,0.2389666509628296,0.919
36,0.12110995186567307,0.9605,0.3430246565937996,0.894
37,0.08236829899474979,0.9712000000000001,0.3564495164481923,0.912
38,0.09661195585988462,0.9666,0.3050682337465696,0.921
39,0.10438760310672224,0.9643,0.25400896196067335,0.923
40,0.08340105827376247,0.9717,0.2993342660441995,0.923
41,0.10117412883751094,0.9634,0.2883536407991778,0.914
42,0.08073544140979648,0.9712000000000001,0.3740230799652636,0.902
43,0.10265452734902501,0.9642000000000001,0.2297457596473396,0.923
44,0.1060209042608738,0.9655,0.27502085056807846,0.932
45,0.06833130630627275,0.9788,0.37174808914586904,0.89
46,0.09736616945862771,0.9665,0.26915386541932823,0.923
47,0.09265305107533932,0.9664,0.2367819611002924,0.935
48,0.08067805213648827,0.9726,0.2784683948531747,0.915
49,0.07756886458843947,0.9727,0.3480033781733364,0.918
50,0.07119798298999667,0.9752000000000001,0.37352859746757894,0.897
51,0.0825358916901052,0.9718,0.2763360843635164,0.926
52,0.07076891946308315,0.9747,0.2144748591785319,0.9400000000000001
53,0.0483453203279525,0.9831000000000001,0.28731298409774897,0.926
54,0.06545872638542205,0.9779,0.30310414932854474,0.928
55,0.0781683024931699,0.9738,0.2724681260213256,0.919
56,0.04387251155469567,0.9846,0.37080050723216845,0.929
57,0.08895427045598626,0.9717,0.44064073207974436,0.904
58,0.06764757014140486,0.9772000000000001,0.2720824293754995,0.923
59,0.081187795484066,0.9708,0.25323676762520336,0.929
60,0.06351062040813267,0.9795,0.5118113222308457,0.892
61,0.05723886374859139,0.9783000000000001,0.29794050741870887,0.92
62,0.060009086600877344,0.9792000000000001,0.22463325491941213,0.9380000000000001
63,0.05730911476262845,0.9811000000000001,0.41539559334516524,0.898
64,0.07385121243670582,0.9753000000000001,0.2531277547478676,0.929
65,0.06766050681676716,0.9768,0.28853058389821673,0.927
66,0.05138596506472677,0.9823000000000001,0.23103042117320002,0.934
67,0.05191179565563798,0.9820000000000001,0.2601289301775396,0.9440000000000001
68,0.05803785613803193,0.9813000000000001,0.31331620779260994,0.919
69,0.05069636366274208,0.9828,0.5141232517422177,0.889
70,0.05336996202983428,0.9825,0.39219842936471105,0.904
71,0.05697406633663923,0.9811000000000001,0.36404552147665525,0.907
72,0.08859616288766264,0.9713,0.29862479131796865,0.926
73,0.06920803104108199,0.9763000000000001,0.24377012196648867,0.937
74,0.04028274396480992,0.9860000000000001,0.29070889654569326,0.928
75,0.06903535248325206,0.9764,0.35292200684547426,0.913
76,0.060404433284234255,0.9795,0.26774474087916317,0.92
77,0.05086249017883092,0.9823000000000001,0.2922065197012853,0.928
78,0.04158691011811606,0.9861000000000001,0.3655908076474443,0.917
79,0.04994041709564626,0.9840000000000001,0.2781821643561125,0.9450000000000001
80,0.054011171862715854,0.9818,0.3250328896911815,0.926
81,0.05838516359310597,0.9801000000000001,0.28254836300201713,0.93
82,0.05940206487365067,0.9801000000000001,0.2646030147876591,0.924
83,0.02841323276902549,0.9914000000000001,0.33358046707231553,0.92
84,0.055908071026671675,0.9827,0.27983905711025,0.925
85,0.06569148083855399,0.9795,0.19117087568622082,0.9440000000000001
86,0.04635135852224193,0.9844,0.22059850125503727,0.933
87,0.054165374947618694,0.9822000000000001,0.34057896500453355,0.922
88,0.04231438154103234,0.9865,0.34857853277027606,0.92
89,0.05444429660543101,0.9826,0.30124659172445534,0.924
90,0.06128094018101692,0.9829,0.34948440942625164,0.931
91,0.056835964083112776,0.9817,0.2695851709409617,0.933
92,0.041229281216021624,0.9878,0.3354576258994639,0.921
93,0.051632187162234916,0.9832000000000001,0.4185398705014959,0.913
94,0.034917075641755946,0.9890000000000001,0.25002008776448204,0.932
95,0.07706967018045252,0.9742000000000001,0.3968344376944005,0.917
96,0.019827526249003132,0.9939,0.2716408039786038,0.9390000000000001
97,0.04525751531724818,0.9850000000000001,0.25069599206605925,0.9390000000000001
98,0.04510077636516653,0.9853000000000001,0.3613869736341876,0.92
99,0.054569886133261025,0.9828,0.21233923477632924,0.935
100,0.03806176467789337,0.9869,0.2859860751288943,0.9410000000000001
