epoch,time,train/box_loss,train/pose_loss,train/kobj_loss,train/cls_loss,train/dfl_loss,metrics/precision(B),metrics/recall(B),metrics/mAP50(B),metrics/mAP50-95(B),metrics/precision(P),metrics/recall(P),metrics/mAP50(P),metrics/mAP50-95(P),val/box_loss,val/pose_loss,val/kobj_loss,val/cls_loss,val/dfl_loss,lr/pg0,lr/pg1,lr/pg2,lr/pg3,lr/pg4,lr/pg5,lr/pg6,lr/pg7
1,5.21122,3.13537,3.27982,0.73682,7.14841,2.48105,0,0,0,0,0,0,0,0,2.878,2.52584,0.69947,5.02367,2.19386,0.00015,5e-05,0.00015,5e-05,0.09515,0.09505,0.00015,5e-05
2,8.21196,2.83963,3.45212,0.72534,6.25967,2.31295,0,0,0,0,0,0,0,0,2.77929,2.53402,0.6989,4.95192,2.11955,0.000329991,0.000109997,0.000329991,0.000109997,0.08933,0.08911,0.000329991,0.000109997
3,11.2862,2.94356,3.38559,0.72987,6.09289,2.4288,0,0,0,0,0,0,0,0,2.64223,2.51986,0.6974,4.87188,2.01256,0.000509945,0.000169982,0.000509945,0.000169982,0.0835099,0.08317,0.000509945,0.000169982
4,13.9323,2.78301,3.35697,0.72503,6.02223,2.12689,0,0,0,0,0,0,0,0,2.47072,2.56628,0.697,4.76417,1.91629,0.000689831,0.000229944,0.000689831,0.000229944,0.0776898,0.0772299,0.000689831,0.000229944
5,16.5978,2.57231,3.13478,0.71591,5.73479,1.95751,0.00011,0.04,3e-05,0,0,0,0,0,2.23136,2.58316,0.69568,4.61627,1.72988,0.000869622,0.000289874,0.000869622,0.000289874,0.0718696,0.0712899,0.000869622,0.000289874
6,19.231,2.10411,3.23645,0.72246,5.17047,1.74646,0.0001,0.04,9e-05,2e-05,0,0,0,0,2.07311,2.60207,0.69394,4.43437,1.57161,0.00104929,0.000349763,0.00104929,0.000349763,0.0660493,0.0653498,0.00104929,0.000349763
7,21.8872,2.06373,3.24205,0.71811,5.02971,1.5931,0.00027,0.05429,5e-05,2e-05,0,0,0,0,1.85284,2.61555,0.69316,4.26032,1.45126,0.0012288,0.0004096,0.0012288,0.0004096,0.0602288,0.0594096,0.0012288,0.0004096
8,24.5177,1.81491,3.35375,0.72464,4.62086,1.42029,0.8598,0.02857,0.01792,0.0126,0,0,0,0,1.82149,2.65714,0.69324,3.94013,1.38467,0.00140813,0.000469375,0.00140813,0.000469375,0.0544081,0.0534694,0.00140813,0.000469375
9,27.1413,1.96242,3.25677,0.72048,4.65313,1.47696,0.83169,0.07143,0.03713,0.0202,0.00021,0.02222,4e-05,1e-05,1.73852,2.64047,0.69434,5.08467,1.35158,0.00158724,0.00052908,0.00158724,0.00052908,0.0485872,0.0475291,0.00158724,0.00052908
10,29.6027,1.68441,3.28535,0.72648,3.69925,1.36196,0.66471,0.1,0.05869,0.03176,0.00032,0.06222,0.00035,7e-05,1.69997,2.59441,0.69503,4.6105,1.33191,0.00176611,0.000588704,0.00176611,0.000588704,0.0427661,0.0415887,0.00176611,0.000588704
11,32.0591,1.6533,2.96438,0.7235,3.37759,1.3541,0.65825,0.12797,0.079,0.05142,0.40185,0.02222,0.00148,0.00021,1.60091,2.5704,0.69456,5.25246,1.29538,0.00194471,0.000648237,0.00194471,0.000648237,0.0369447,0.0356482,0.00194471,0.000648237
12,34.4862,1.45098,3.2681,0.71613,3.31796,1.28844,0.67138,0.15873,0.11093,0.06672,0.20207,0.02222,0.00087,0.00017,1.55667,2.55408,0.69475,4.6824,1.28278,0.00212301,0.000707671,0.00212301,0.000707671,0.031123,0.0297077,0.00212301,0.000707671
13,36.9312,1.58925,3.08074,0.71571,3.12752,1.31178,0.13264,0.41333,0.12626,0.07665,0.00749,0.05079,0.00306,0.00061,1.54243,2.55324,0.69423,5.01998,1.25189,0.00230098,0.000766995,0.00230098,0.000766995,0.025301,0.023767,0.00230098,0.000766995
14,39.4532,1.58762,2.79117,0.70362,3.18647,1.28528,0.22011,0.37683,0.17959,0.10493,0.00653,0.01429,0.0035,0.00058,1.55894,2.52671,0.6933,3.24691,1.22965,0.0024786,0.000826199,0.0024786,0.000826199,0.0194786,0.0178262,0.0024786,0.000826199
15,41.7612,1.47265,2.80303,0.7041,2.72112,1.21631,0.17425,0.42762,0.18367,0.10245,0.2157,0.02857,0.00458,0.00058,1.53689,2.50502,0.69226,4.77905,1.22961,0.00265582,0.000885274,0.00265582,0.000885274,0.0136558,0.0118853,0.00265582,0.000885274
16,44.3599,1.49659,2.79464,0.70194,2.7544,1.22239,0.26238,0.55454,0.22166,0.12677,0.22645,0.13426,0.01142,0.00121,1.5333,2.46695,0.69249,3.89915,1.22404,0.00283263,0.00094421,0.00283263,0.00094421,0.00783263,0.00594421,0.00283263,0.00094421
17,46.6461,1.48109,2.80579,0.69913,2.71647,1.21661,0.31668,0.40625,0.22671,0.13032,0.02816,0.10857,0.00993,0.00114,1.53591,2.47388,0.69103,2.6274,1.19982,0.0029792,0.000993068,0.0029792,0.000993068,0.0029792,0.000993068,0.0029792,0.000993068
18,49.1812,1.42616,2.74633,0.69823,2.62422,1.12955,0.28187,0.4,0.19915,0.11787,0.01338,0.05429,0.00693,0.00179,1.48613,2.45362,0.69052,2.6162,1.1744,0.00297653,0.000992177,0.00297653,0.000992177,0.00297653,0.000992177,0.00297653,0.000992177
19,51.5493,1.35208,2.71312,0.70128,2.58882,1.1413,0.34572,0.36095,0.16967,0.10332,0.23184,0.01429,0.00832,0.00191,1.47835,2.39621,0.69056,3.10529,1.17276,0.0029737,0.000991232,0.0029737,0.000991232,0.0029737,0.000991232,0.0029737,0.000991232
20,54.2651,1.45879,2.87367,0.69923,2.6007,1.18295,0.30328,0.52984,0.20696,0.10621,0.21484,0.02857,0.01067,0.0046,1.44279,2.35185,0.69133,3.2496,1.14315,0.0029707,0.000990234,0.0029707,0.000990234,0.0029707,0.000990234,0.0029707,0.000990234
21,56.6884,1.31131,2.67822,0.69931,2.54503,1.1241,0.313,0.48698,0.20744,0.11864,0.21676,0.06857,0.01728,0.0047,1.44727,2.37102,0.68894,2.59086,1.12418,0.00296755,0.000989183,0.00296755,0.000989183,0.00296755,0.000989183,0.00296755,0.000989183
22,59.1986,1.39529,2.88076,0.69869,2.52675,1.14817,0.31155,0.54413,0.18958,0.10831,0.8196,0.02857,0.01067,0.00341,1.43126,2.31134,0.69021,2.73567,1.12662,0.00296424,0.000988079,0.00296424,0.000988079,0.00296424,0.000988079,0.00296424,0.000988079
23,61.5595,1.39345,2.78018,0.70011,2.37085,1.0785,0.28863,0.50413,0.18,0.09972,0.21268,0.06508,0.00415,0.00046,1.41048,2.30285,0.69137,2.89649,1.1169,0.00296076,0.000986922,0.00296076,0.000986922,0.00296076,0.000986922,0.00296076,0.000986922
24,64.1757,1.30888,2.63102,0.69776,2.34761,1.08612,0.30045,0.55206,0.16277,0.08899,0.21498,0.07651,0.00763,0.00103,1.44023,2.24429,0.69479,3.0967,1.13416,0.00295713,0.000985711,0.00295713,0.000985711,0.00295713,0.000985711,0.00295713,0.000985711
25,66.5668,1.29301,2.50582,0.69931,2.20385,1.06834,0.20195,0.5127,0.19619,0.10477,0.4222,0.06857,0.00884,0.00122,1.44765,2.22108,0.6959,3.02458,1.1397,0.00295335,0.000984449,0.00295335,0.000984449,0.00295335,0.000984449,0.00295335,0.000984449
26,69.1825,1.27072,2.72001,0.69695,2.24712,1.05337,0.24742,0.5254,0.18924,0.10558,0.61835,0.04286,0.00631,0.00114,1.45375,2.20658,0.69357,2.85316,1.14732,0.0029494,0.000983133,0.0029494,0.000983133,0.0029494,0.000983133,0.0029494,0.000983133
27,71.5006,1.34917,2.55275,0.6976,2.19431,1.08511,0.1474,0.48635,0.18653,0.10524,0.4161,0.06508,0.0058,0.00126,1.43893,2.18596,0.69444,3.82714,1.14264,0.0029453,0.000981765,0.0029453,0.000981765,0.0029453,0.000981765,0.0029453,0.000981765
28,74.2339,1.32437,2.80484,0.69829,2.19216,1.09438,0.45225,0.3781,0.19126,0.108,0.63291,0.05714,0.01637,0.00227,1.39682,2.1712,0.68987,2.83881,1.11982,0.00294104,0.000980345,0.00294104,0.000980345,0.00294104,0.000980345,0.00294104,0.000980345
29,76.6476,1.255,2.5063,0.69096,2.18602,1.03383,0.49986,0.35556,0.19063,0.10659,0.42275,0.04286,0.01125,0.00202,1.39747,2.17348,0.6906,2.91754,1.12159,0.00293662,0.000978873,0.00293662,0.000978873,0.00293662,0.000978873,0.00293662,0.000978873
30,79.1964,1.25333,2.67384,0.69634,2.05951,1.04225,0.31494,0.46413,0.18753,0.10972,0.23572,0.18508,0.03387,0.00421,1.39193,2.16404,0.68913,2.73633,1.11782,0.00293205,0.000977349,0.00293205,0.000977349,0.00293205,0.000977349,0.00293205,0.000977349
31,81.5974,1.18228,2.43164,0.69402,1.98967,1.01699,0.35267,0.38762,0.18872,0.1141,0.05075,0.19651,0.02788,0.00414,1.41772,2.14473,0.6885,2.5025,1.11723,0.00292732,0.000975773,0.00292732,0.000975773,0.00292732,0.000975773,0.00292732,0.000975773
32,84.1622,1.40821,2.58983,0.69105,2.49908,1.05669,0.21739,0.48653,0.1902,0.10021,0.05027,0.17714,0.03571,0.00883,1.42375,2.12263,0.68875,2.39738,1.12903,0.00292244,0.000974145,0.00292244,0.000974145,0.00292244,0.000974145,0.00292244,0.000974145
33,86.45,1.17893,2.48703,0.69063,2.00924,1.04616,0.14803,0.54494,0.19393,0.11299,0.04978,0.15937,0.04147,0.01048,1.41216,2.11425,0.68971,2.4986,1.12723,0.0029174,0.000972466,0.0029174,0.000972466,0.0029174,0.000972466,0.0029174,0.000972466
34,88.9909,1.24884,2.51973,0.68996,1.82759,1.02194,0.15088,0.47841,0.21399,0.12732,0.05099,0.14508,0.05141,0.01513,1.38838,2.10714,0.68717,2.3867,1.11953,0.00291221,0.000970736,0.00291221,0.000970736,0.00291221,0.000970736,0.00291221,0.000970736
35,91.2939,1.21452,2.54456,0.69184,1.94781,1.03977,0.56733,0.35556,0.19939,0.11189,0.06617,0.23785,0.04298,0.01279,1.40265,2.08573,0.68816,2.70077,1.13138,0.00290686,0.000968955,0.00290686,0.000968955,0.00290686,0.000968955,0.00290686,0.000968955
36,93.8014,1.18212,2.36793,0.68975,1.78388,1.00758,0.55422,0.2762,0.19855,0.11733,0.23701,0.11937,0.04248,0.01205,1.39272,2.10245,0.68987,2.46513,1.12875,0.00290137,0.000967122,0.00290137,0.000967122,0.00290137,0.000967122,0.00290137,0.000967122
37,96.1735,1.18057,2.55177,0.69174,2.05406,1.02474,0.55714,0.34127,0.19277,0.11212,0.02384,0.09079,0.03281,0.00863,1.39759,2.10335,0.68789,2.52193,1.1136,0.00289572,0.000965239,0.00289572,0.000965239,0.00289572,0.000965239,0.00289572,0.000965239
38,98.7039,1.14482,2.22276,0.6846,1.84353,1.04665,0.52902,0.42698,0.19537,0.11241,0.22152,0.09365,0.04342,0.01094,1.42488,2.07765,0.68948,3.04001,1.1379,0.00288992,0.000963306,0.00288992,0.000963306,0.00288992,0.000963306,0.00288992,0.000963306
39,101.029,1.24021,2.39228,0.68788,1.73283,1.04265,0.52448,0.38413,0.19757,0.11328,0.03464,0.11937,0.04483,0.01132,1.4483,2.07456,0.68818,3.43693,1.14273,0.00288397,0.000961322,0.00288397,0.000961322,0.00288397,0.000961322,0.00288397,0.000961322
40,103.631,1.10256,2.35132,0.69012,1.62823,0.99293,0.56711,0.26679,0.1948,0.11863,0.0209,0.09365,0.0323,0.00849,1.39256,2.06753,0.68672,2.53736,1.13604,0.00287787,0.000959289,0.00287787,0.000959289,0.00287787,0.000959289,0.00287787,0.000959289
41,106.019,1.18442,2.36559,0.68082,1.78908,1.01552,0.34122,0.34501,0.18996,0.1119,0.02648,0.11937,0.03887,0.00666,1.40238,2.05586,0.6876,2.99442,1.13331,0.00287162,0.000957205,0.00287162,0.000957205,0.00287162,0.000957205,0.00287162,0.000957205
42,108.596,1.26466,2.36519,0.69087,1.83048,1.01862,0.35891,0.36557,0.20975,0.12029,0.46236,0.06508,0.03851,0.00529,1.40968,2.05826,0.68891,2.43336,1.141,0.00286522,0.000955072,0.00286522,0.000955072,0.00286522,0.000955072,0.00286522,0.000955072
43,110.921,1.08281,2.52272,0.68291,1.81168,1.05776,0.58032,0.3516,0.20104,0.12166,0.44785,0.09542,0.04443,0.0079,1.39168,2.03971,0.68806,2.59785,1.13711,0.00285867,0.000952889,0.00285867,0.000952889,0.00285867,0.000952889,0.00285867,0.000952889
44,113.486,1.18878,2.55995,0.6886,1.6749,0.98187,0.56705,0.35397,0.21939,0.1135,0.44805,0.10038,0.03707,0.00664,1.3357,2.04776,0.68443,2.43156,1.10633,0.00285197,0.000950658,0.00285197,0.000950658,0.00285197,0.000950658,0.00285197,0.000950658
45,115.809,1.06977,2.19845,0.67665,1.61342,0.97582,0.54183,0.33106,0.22358,0.1192,0.03148,0.10794,0.04186,0.00917,1.35764,2.06578,0.68236,2.38142,1.10404,0.00284513,0.000948377,0.00284513,0.000948377,0.00284513,0.000948377,0.00284513,0.000948377
46,118.413,1.05731,2.45803,0.68391,1.64977,0.98695,0.32846,0.39048,0.22854,0.11887,0.07841,0.18235,0.05326,0.01055,1.36841,2.04743,0.68103,2.41718,1.10782,0.00283814,0.000946048,0.00283814,0.000946048,0.00283814,0.000946048,0.00283814,0.000946048
47,121.134,1.12402,2.34318,0.67694,1.67226,1.02195,0.14075,0.43348,0.23722,0.13036,0.07325,0.17336,0.04606,0.00824,1.36847,2.05564,0.68002,2.33439,1.10409,0.00283101,0.000943671,0.00283101,0.000943671,0.00283101,0.000943671,0.00283101,0.000943671
48,123.976,1.13358,2.34188,0.67876,1.75326,1.02487,0.58541,0.39048,0.21692,0.12389,0.4491,0.09365,0.04968,0.0118,1.37023,2.03961,0.6807,2.38237,1.10886,0.00282374,0.000941245,0.00282374,0.000941245,0.00282374,0.000941245,0.00282374,0.000941245
49,126.645,1.09632,2.39945,0.67253,1.57833,0.97022,0.57035,0.43333,0.26305,0.1484,0.4653,0.05714,0.03316,0.00613,1.36133,2.03722,0.67902,2.15788,1.10015,0.00281632,0.000938772,0.00281632,0.000938772,0.00281632,0.000938772,0.00281632,0.000938772
50,129.278,1.06224,2.31723,0.67471,1.65547,0.98369,0.60206,0.38254,0.25079,0.15076,0.48733,0.10794,0.04968,0.0096,1.37428,2.04091,0.67814,2.22349,1.10584,0.00280875,0.000936251,0.00280875,0.000936251,0.00280875,0.000936251,0.00280875,0.000936251
51,131.712,1.10855,2.22122,0.67913,1.7893,1.00111,0.18233,0.41426,0.24877,0.15163,0.06009,0.14794,0.04789,0.00882,1.42902,2.03785,0.6781,2.56074,1.12706,0.00280105,0.000933683,0.00280105,0.000933683,0.00280105,0.000933683,0.00280105,0.000933683
52,134.32,1.05611,2.2831,0.67744,1.57583,0.98722,0.38626,0.36509,0.24063,0.1479,0.46884,0.09365,0.02445,0.00644,1.36223,2.01593,0.67748,2.22348,1.0967,0.0027932,0.000931067,0.0027932,0.000931067,0.0027932,0.000931067,0.0027932,0.000931067
53,136.737,1.049,2.17484,0.67651,1.72428,0.99207,0.60201,0.32381,0.23886,0.14164,0.49836,0.09365,0.052,0.01159,1.35738,2.02127,0.67678,2.26607,1.09506,0.00278522,0.000928405,0.00278522,0.000928405,0.00278522,0.000928405,0.00278522,0.000928405
54,139.367,1.08517,2.18362,0.6777,1.49791,0.96378,0.65108,0.34603,0.25914,0.13976,0.50525,0.09365,0.04849,0.01028,1.36025,2.03062,0.67588,2.24187,1.08655,0.00277709,0.000925697,0.00277709,0.000925697,0.00277709,0.000925697,0.00277709,0.000925697
55,141.699,1.09113,2.25127,0.67037,1.58237,0.99529,0.60021,0.42519,0.2669,0.15239,0.55735,0.07937,0.05884,0.01403,1.34909,2.02645,0.67561,2.33648,1.08443,0.00276883,0.000922942,0.00276883,0.000922942,0.00276883,0.000922942,0.00276883,0.000922942
56,144.364,1.10261,2.29071,0.67604,1.57785,0.98674,0.63757,0.35319,0.27939,0.15426,0.5076,0.10794,0.07613,0.0194,1.35868,2.01891,0.67566,2.22014,1.09168,0.00276043,0.000920142,0.00276043,0.000920142,0.00276043,0.000920142,0.00276043,0.000920142
57,146.694,1.01997,2.21883,0.67422,1.43004,0.96977,0.43062,0.35397,0.28401,0.15949,0.28015,0.10794,0.04837,0.0153,1.36339,2.00829,0.67571,2.29497,1.0985,0.00275189,0.000917296,0.00275189,0.000917296,0.00275189,0.000917296,0.00275189,0.000917296
58,149.296,1.14946,2.34344,0.6818,1.55641,0.98913,0.59493,0.40476,0.26966,0.15927,0.52915,0.07937,0.04846,0.01429,1.35825,2.01117,0.67568,2.35684,1.10892,0.00274321,0.000914405,0.00274321,0.000914405,0.00274321,0.000914405,0.00274321,0.000914405
59,151.586,1.05446,2.22346,0.66702,1.58367,0.96926,0.61179,0.33968,0.29194,0.16529,0.52615,0.07937,0.05832,0.01762,1.35935,2.00817,0.6737,2.26831,1.10208,0.00273441,0.000911469,0.00273441,0.000911469,0.00273441,0.000911469,0.00273441,0.000911469
60,154.2,0.9897,2.31028,0.66589,1.32987,0.9528,0.42927,0.33175,0.31332,0.16921,0.52417,0.09365,0.06793,0.01751,1.3645,2.00336,0.67428,2.14023,1.09334,0.00272546,0.000908488,0.00272546,0.000908488,0.00272546,0.000908488,0.00272546,0.000908488
61,156.551,1.09026,2.26356,0.67,1.49128,0.99601,0.62933,0.3573,0.29638,0.16936,0.50808,0.10794,0.08883,0.01745,1.34225,2.00142,0.67458,2.29088,1.08921,0.00271639,0.000905463,0.00271639,0.000905463,0.00271639,0.000905463,0.00271639,0.000905463
62,159.113,0.99746,2.23727,0.67431,1.48001,0.98231,0.42549,0.43683,0.3052,0.17501,0.52668,0.10794,0.06816,0.01765,1.33249,2.01947,0.67124,2.1534,1.08766,0.00270718,0.000902395,0.00270718,0.000902395,0.00270718,0.000902395,0.00270718,0.000902395
63,161.398,0.97076,2.2951,0.66233,1.34426,0.93729,0.2017,0.45111,0.29142,0.15901,0.49931,0.09365,0.0624,0.01417,1.31228,2.03972,0.67259,2.16872,1.08285,0.00269785,0.000899282,0.00269785,0.000899282,0.00269785,0.000899282,0.00269785,0.000899282
64,164.214,1.01163,2.26286,0.66583,1.38543,0.96356,0.68455,0.33042,0.29041,0.16858,0.29406,0.13651,0.06458,0.01433,1.2692,2.05792,0.67305,2.27225,1.07009,0.00268838,0.000896127,0.00268838,0.000896127,0.00268838,0.000896127,0.00268838,0.000896127
65,167.083,0.95648,2.19698,0.66766,1.28099,0.98159,0.29867,0.39397,0.29705,0.17503,0.48922,0.10794,0.03955,0.01095,1.29707,2.06052,0.67246,2.23749,1.08007,0.00267878,0.000892928,0.00267878,0.000892928,0.00267878,0.000892928,0.00267878,0.000892928
66,170.352,0.99953,2.25904,0.66699,1.28697,0.95834,0.37247,0.33968,0.24445,0.15158,0.49904,0.09365,0.03592,0.01049,1.28093,2.06605,0.67215,2.38565,1.08325,0.00266906,0.000889687,0.00266906,0.000889687,0.00266906,0.000889687,0.00266906,0.000889687
67,172.923,0.94474,2.23629,0.67103,1.21689,0.95855,0.21243,0.3781,0.28292,0.17425,0.47817,0.09574,0.03451,0.00952,1.28629,2.06616,0.67143,2.15951,1.08103,0.00265921,0.000886404,0.00265921,0.000886404,0.00265921,0.000886404,0.00265921,0.000886404
68,175.626,1.00319,2.23451,0.65509,1.21909,0.97835,0.22356,0.45246,0.28261,0.16915,0.28413,0.13365,0.03145,0.00906,1.27443,2.04313,0.67032,2.13516,1.08449,0.00264924,0.000883079,0.00264924,0.000883079,0.00264924,0.000883079,0.00264924,0.000883079
69,178.148,1.04984,2.22693,0.66333,1.24966,0.93701,0.21625,0.45276,0.28819,0.17598,0.30473,0.09365,0.04566,0.01123,1.28368,2.04362,0.66927,2.13772,1.08333,0.00263914,0.000879713,0.00263914,0.000879713,0.00263914,0.000879713,0.00263914,0.000879713
70,180.881,0.96341,2.25587,0.65866,1.19741,0.93424,0.20106,0.3995,0.29975,0.18087,0.56908,0.09365,0.04388,0.01371,1.28982,2.03286,0.66702,2.08756,1.08053,0.00262891,0.000876305,0.00262891,0.000876305,0.00262891,0.000876305,0.00262891,0.000876305
71,183.393,1.02148,1.99783,0.66717,1.16815,0.94129,0.19446,0.45965,0.28377,0.17392,0.52211,0.07937,0.03498,0.01369,1.27361,2.02467,0.66894,2.26444,1.07731,0.00261857,0.000872857,0.00261857,0.000872857,0.00261857,0.000872857,0.00261857,0.000872857
72,186.186,0.97237,2.14244,0.66005,1.16,0.95525,0.15094,0.35215,0.26768,0.16364,0.06469,0.14508,0.03866,0.0151,1.33036,2.03439,0.66572,2.32483,1.10399,0.0026081,0.000869368,0.0026081,0.000869368,0.0026081,0.000869368,0.0026081,0.000869368
73,188.796,1.01578,2.00106,0.65115,1.25357,0.9834,0.58968,0.23016,0.26956,0.16771,0.46904,0.06508,0.04011,0.01508,1.33186,2.03057,0.66736,2.3511,1.10643,0.00259752,0.000865839,0.00259752,0.000865839,0.00259752,0.000865839,0.00259752,0.000865839
74,191.423,0.92075,2.17784,0.64746,1.12541,0.95904,0.26528,0.39325,0.30454,0.18011,0.49744,0.09365,0.05493,0.0167,1.25559,2.02113,0.66582,2.31563,1.07854,0.00258681,0.000862271,0.00258681,0.000862271,0.00258681,0.000862271,0.00258681,0.000862271
75,194.038,0.92297,2.29857,0.64008,1.13789,0.93804,0.45747,0.28497,0.31753,0.19444,0.51302,0.07937,0.05595,0.01597,1.28291,2.03355,0.66459,2.19428,1.08344,0.00257599,0.000858664,0.00257599,0.000858664,0.00257599,0.000858664,0.00257599,0.000858664
76,196.921,1.06199,2.14395,0.66284,1.17737,0.96616,0.47318,0.31552,0.3253,0.19927,0.54002,0.06508,0.05054,0.01454,1.27969,2.01238,0.66347,2.23389,1.0907,0.00256505,0.000855018,0.00256505,0.000855018,0.00256505,0.000855018,0.00256505,0.000855018
77,199.51,1.00509,2.15462,0.66243,1.1243,0.93023,0.44149,0.29845,0.28842,0.1828,0.50645,0.05079,0.0449,0.01737,1.282,2.00817,0.6635,2.15417,1.097,0.002554,0.000851333,0.002554,0.000851333,0.002554,0.000851333,0.002554,0.000851333
78,202.226,1.02677,2.16139,0.66165,1.18601,1.00008,0.41535,0.32381,0.2854,0.17563,0.46855,0.09365,0.03978,0.01159,1.27081,2.0178,0.6636,2.29243,1.09344,0.00254283,0.000847611,0.00254283,0.000847611,0.00254283,0.000847611,0.00254283,0.000847611
79,204.685,0.97918,2.16474,0.66113,1.18375,0.96427,0.2055,0.4279,0.30175,0.18754,0.27777,0.06508,0.03167,0.01427,1.29605,2.0108,0.66009,2.13539,1.10366,0.00253155,0.000843851,0.00253155,0.000843851,0.00253155,0.000843851,0.00253155,0.000843851
80,207.316,0.96649,2.11713,0.65867,1.21182,0.92623,0.22298,0.4181,0.31085,0.1918,0.38459,0.09365,0.07342,0.01907,1.30967,2.01153,0.66117,2.11768,1.1074,0.00252016,0.000840054,0.00252016,0.000840054,0.00252016,0.000840054,0.00252016,0.000840054
81,209.823,0.90743,2.31144,0.65079,1.00422,0.93072,0.44645,0.3781,0.32168,0.19376,0.53746,0.07849,0.06999,0.01571,1.29859,2.02225,0.65851,2.152,1.10674,0.00250866,0.00083622,0.00250866,0.00083622,0.00250866,0.00083622,0.00250866,0.00083622
82,212.442,0.91284,2.11557,0.64522,1.06826,0.94462,0.36103,0.4067,0.33832,0.20687,0.59401,0.07937,0.08904,0.02157,1.2867,2.00942,0.65925,2.1226,1.0927,0.00249705,0.000832349,0.00249705,0.000832349,0.00249705,0.000832349,0.00249705,0.000832349
83,214.913,0.98899,2.16733,0.65785,1.19353,0.91955,0.24279,0.4036,0.30353,0.18542,0.55792,0.06508,0.07433,0.01741,1.30671,2.00754,0.65842,2.19019,1.10411,0.00248533,0.000828443,0.00248533,0.000828443,0.00248533,0.000828443,0.00248533,0.000828443
84,217.52,0.90532,2.2644,0.64033,1.03508,0.92433,0.25099,0.41016,0.31995,0.19112,0.06447,0.10508,0.06447,0.02244,1.30522,1.99813,0.65661,2.11013,1.0971,0.0024735,0.000824502,0.0024735,0.000824502,0.0024735,0.000824502,0.0024735,0.000824502
85,219.877,1.0242,2.09552,0.65865,1.10802,0.95496,0.22969,0.38159,0.30071,0.17507,0.07626,0.10508,0.05388,0.01825,1.31653,2.00166,0.65668,2.19731,1.10611,0.00246157,0.000820525,0.00246157,0.000820525,0.00246157,0.000820525,0.00246157,0.000820525
86,222.423,0.89722,2.12951,0.63509,1.02497,0.91717,0.28114,0.38159,0.30294,0.19047,0.06495,0.09079,0.0355,0.01205,1.25725,1.99305,0.65719,2.14652,1.0898,0.00244954,0.000816514,0.00244954,0.000816514,0.00244954,0.000816514,0.00244954,0.000816514
87,224.798,0.89983,2.29057,0.64149,1.00958,0.9061,0.21503,0.40562,0.29561,0.17903,0.07564,0.11937,0.03347,0.01029,1.24744,1.99115,0.6555,2.17573,1.09036,0.0024374,0.000812468,0.0024374,0.000812468,0.0024374,0.000812468,0.0024374,0.000812468
88,227.444,0.96228,1.9672,0.6654,1.06409,0.93612,0.24525,0.35077,0.30538,0.18241,0.03611,0.07937,0.03422,0.01181,1.23875,1.99868,0.65571,2.2013,1.07931,0.00242517,0.000808389,0.00242517,0.000808389,0.00242517,0.000808389,0.00242517,0.000808389
89,229.877,0.97034,2.19519,0.65203,1.07558,0.95545,0.26469,0.31662,0.29195,0.17644,0.46859,0.04873,0.02959,0.00998,1.26802,1.99019,0.65436,2.21581,1.09283,0.00241283,0.000804277,0.00241283,0.000804277,0.00241283,0.000804277,0.00241283,0.000804277
90,232.766,0.98863,2.61033,0.65937,1.39026,0.94475,0.28552,0.38164,0.29619,0.19468,0.09335,0.10508,0.04375,0.0119,1.27221,1.99488,0.6567,2.24665,1.09259,0.00240039,0.000800131,0.00240039,0.000800131,0.00240039,0.000800131,0.00240039,0.000800131
91,235.113,0.83965,2.28424,0.63418,0.91738,0.91093,0.29699,0.35746,0.31307,0.1943,0.06756,0.11604,0.03523,0.01021,1.25674,1.99883,0.6575,2.23764,1.08256,0.00238786,0.000795954,0.00238786,0.000795954,0.00238786,0.000795954,0.00238786,0.000795954
92,237.765,0.88439,2.0335,0.64494,0.96685,0.92463,0.39673,0.42603,0.38227,0.22971,0.06079,0.13884,0.04912,0.01158,1.28106,2.00678,0.65464,2.25994,1.09126,0.00237523,0.000791744,0.00237523,0.000791744,0.00237523,0.000791744,0.00237523,0.000791744
93,240.111,0.80113,2.06285,0.64724,1.06747,0.91037,0.45333,0.45963,0.38627,0.22792,0.09213,0.10472,0.05129,0.01157,1.29673,2.00309,0.65338,2.18705,1.09231,0.00236251,0.000787503,0.00236251,0.000787503,0.00236251,0.000787503,0.00236251,0.000787503
94,242.883,0.91656,1.83255,0.63204,0.94436,0.93922,0.3466,0.41175,0.34403,0.21822,0.0753,0.11937,0.04311,0.01125,1.2416,2.00302,0.65097,2.22035,1.07838,0.00234969,0.000783231,0.00234969,0.000783231,0.00234969,0.000783231,0.00234969,0.000783231
95,245.461,0.81128,2.03624,0.64314,0.89974,0.94984,0.32957,0.41364,0.36146,0.23445,0.13014,0.10284,0.0518,0.01509,1.22174,1.9946,0.64934,2.21334,1.07412,0.00233679,0.000778929,0.00233679,0.000778929,0.00233679,0.000778929,0.00233679,0.000778929
96,248.019,0.86148,2.00273,0.63807,1.00463,0.9291,0.31561,0.3916,0.32775,0.21134,0.12263,0.10298,0.06995,0.01678,1.21977,1.97972,0.65161,2.3295,1.07732,0.00232379,0.000774596,0.00232379,0.000774596,0.00232379,0.000774596,0.00232379,0.000774596
97,250.35,0.86244,2.12285,0.65049,0.90928,0.88453,0.32003,0.44843,0.37047,0.23057,0.35067,0.05079,0.04681,0.01223,1.26543,1.96745,0.6498,2.23964,1.08213,0.0023107,0.000770234,0.0023107,0.000770234,0.0023107,0.000770234,0.0023107,0.000770234
98,253.087,0.95449,2.13603,0.64651,0.92398,0.92653,0.34133,0.47001,0.37855,0.23148,0.30185,0.05079,0.03371,0.0111,1.25485,1.97422,0.64592,2.16971,1.07212,0.00229753,0.000765843,0.00229753,0.000765843,0.00229753,0.000765843,0.00229753,0.000765843
99,255.545,0.92773,2.11231,0.63709,0.90208,0.92091,0.39146,0.45001,0.3624,0.21689,0.04474,0.07651,0.02446,0.01248,1.2784,1.98517,0.64582,2.15901,1.08404,0.00228427,0.000761423,0.00228427,0.000761423,0.00228427,0.000761423,0.00228427,0.000761423
100,258.513,0.86562,2.0683,0.6364,0.8944,0.93252,0.40112,0.42535,0.36445,0.23156,0.05803,0.07366,0.03052,0.01277,1.25278,1.97879,0.64768,2.19341,1.07657,0.00227093,0.000756976,0.00227093,0.000756976,0.00227093,0.000756976,0.00227093,0.000756976
101,260.857,0.91134,2.27218,0.63949,1.00155,0.94959,0.39856,0.4219,0.34034,0.2112,0.46413,0.03651,0.0259,0.01101,1.24262,1.97487,0.6436,2.2184,1.07361,0.0022575,0.0007525,0.0022575,0.0007525,0.0022575,0.0007525,0.0022575,0.0007525
102,263.537,0.88204,2.0388,0.63573,0.96936,0.91503,0.48358,0.41294,0.37083,0.23739,0.13374,0.11856,0.05285,0.01364,1.22422,1.9835,0.64525,2.17278,1.07658,0.00224399,0.000747997,0.00224399,0.000747997,0.00224399,0.000747997,0.00224399,0.000747997
103,265.947,0.93578,2.04863,0.64215,0.94116,0.93926,0.39478,0.44434,0.37496,0.24687,0.11964,0.11937,0.05949,0.0156,1.23542,1.98137,0.64339,2.13367,1.07668,0.0022304,0.000743468,0.0022304,0.000743468,0.0022304,0.000743468,0.0022304,0.000743468
104,268.477,0.90244,2.04263,0.63217,0.95592,0.94136,0.37953,0.43591,0.37648,0.24088,0.12708,0.17365,0.06726,0.01709,1.25132,1.98307,0.64322,2.11742,1.07894,0.00221674,0.000738913,0.00221674,0.000738913,0.00221674,0.000738913,0.00221674,0.000738913
105,270.748,0.87337,1.92368,0.64247,0.94849,0.92039,0.54461,0.38467,0.38684,0.2462,0.11022,0.16236,0.05909,0.01387,1.28261,1.97912,0.64317,2.18234,1.09508,0.00220299,0.000734332,0.00220299,0.000734332,0.00220299,0.000734332,0.00220299,0.000734332
106,273.428,0.8489,1.96513,0.60838,0.872,0.91805,0.58559,0.40396,0.4188,0.26855,0.16821,0.10367,0.04562,0.0139,1.23322,1.9664,0.64239,2.08218,1.07741,0.00218918,0.000729725,0.00218918,0.000729725,0.00218918,0.000729725,0.00218918,0.000729725
107,275.82,0.87809,2.02624,0.64538,0.91422,0.91948,0.46303,0.43136,0.42515,0.25452,0.09211,0.11937,0.03845,0.01327,1.21925,1.96058,0.64214,2.08025,1.06817,0.00217528,0.000725094,0.00217528,0.000725094,0.00217528,0.000725094,0.00217528,0.000725094
108,278.527,0.86264,1.96631,0.64208,0.85192,0.92225,0.53296,0.36314,0.39172,0.25431,0.16349,0.13665,0.08334,0.01974,1.23009,1.94589,0.64383,2.07277,1.07146,0.00216132,0.000720439,0.00216132,0.000720439,0.00216132,0.000720439,0.00216132,0.000720439
109,280.959,0.86936,1.83687,0.63287,0.9588,0.89861,0.32968,0.48381,0.3677,0.24429,0.13021,0.15937,0.0763,0.02058,1.22785,1.95452,0.64561,2.20618,1.06822,0.00214728,0.000715761,0.00214728,0.000715761,0.00214728,0.000715761,0.00214728,0.000715761
110,283.584,0.86907,2.05256,0.6448,0.86367,0.90499,0.32924,0.43064,0.35819,0.22625,0.15626,0.17358,0.09077,0.02406,1.21562,1.95471,0.64634,2.44236,1.06352,0.00213318,0.000711059,0.00213318,0.000711059,0.00213318,0.000711059,0.00213318,0.000711059
111,285.976,0.86037,2.01645,0.62985,0.92082,0.90641,0.35779,0.47153,0.37009,0.23123,0.12809,0.14508,0.08228,0.02149,1.22249,1.96402,0.64412,2.40763,1.06128,0.002119,0.000706335,0.002119,0.000706335,0.002119,0.000706335,0.002119,0.000706335
112,288.661,0.84881,2.00436,0.64985,0.915,0.93011,0.39247,0.4981,0.36122,0.22931,0.137,0.14508,0.08589,0.02002,1.2132,1.96573,0.64137,2.33893,1.0606,0.00210476,0.000701588,0.00210476,0.000701588,0.00210476,0.000701588,0.00210476,0.000701588
113,290.952,0.98752,1.96353,0.64591,0.99021,0.9103,0.39188,0.4981,0.37237,0.23437,0.13676,0.15937,0.08933,0.02018,1.21404,1.97367,0.641,2.30492,1.06271,0.00209046,0.00069682,0.00209046,0.00069682,0.00209046,0.00069682,0.00209046,0.00069682
114,293.426,0.91995,2.19112,0.63739,0.90283,0.91333,0.36356,0.45524,0.35683,0.22574,0.1405,0.17365,0.07936,0.01688,1.21942,1.97237,0.6392,2.29313,1.0656,0.00207609,0.000692031,0.00207609,0.000692031,0.00207609,0.000692031,0.00207609,0.000692031
115,295.702,0.7626,2.23061,0.63846,1.06285,0.88188,0.40406,0.45455,0.36685,0.22449,0.11723,0.12781,0.04817,0.0149,1.24683,1.97685,0.63857,2.28527,1.07148,0.00206166,0.000687222,0.00206166,0.000687222,0.00206166,0.000687222,0.00206166,0.000687222
116,298.324,0.87309,2.13019,0.62794,0.88484,0.92042,0.40209,0.43279,0.37583,0.23001,0.11878,0.14285,0.04469,0.01442,1.25549,1.98124,0.63863,2.33102,1.07414,0.00204718,0.000682392,0.00204718,0.000682392,0.00204718,0.000682392,0.00204718,0.000682392
117,300.673,0.78076,2.09155,0.61534,0.82011,0.88135,0.40864,0.44302,0.3589,0.22555,0.09867,0.11937,0.03836,0.0134,1.24934,1.97238,0.63721,2.27625,1.0812,0.00203263,0.000677543,0.00203263,0.000677543,0.00203263,0.000677543,0.00203263,0.000677543
118,303.178,0.74824,1.91928,0.61853,0.73668,0.87631,0.33244,0.4981,0.34238,0.21496,0.04671,0.09365,0.03193,0.01375,1.24457,1.98292,0.63582,2.33919,1.07836,0.00201803,0.000672675,0.00201803,0.000672675,0.00201803,0.000672675,0.00201803,0.000672675
119,305.667,0.87641,1.91389,0.62448,0.85604,0.89342,0.26227,0.40381,0.37511,0.23497,0.05587,0.07937,0.03083,0.01329,1.24227,1.97397,0.63408,2.26525,1.08087,0.00200337,0.000667789,0.00200337,0.000667789,0.00200337,0.000667789,0.00200337,0.000667789
120,308.218,0.80885,2.00014,0.62326,0.76882,0.93284,0.30424,0.41964,0.38966,0.23956,0.07461,0.09365,0.05251,0.0234,1.2371,1.95516,0.63539,2.33093,1.07299,0.00198865,0.000662885,0.00198865,0.000662885,0.00198865,0.000662885,0.00198865,0.000662885
121,310.639,0.72641,2.09113,0.60419,0.73739,0.88918,0.30616,0.45311,0.3564,0.23127,0.07829,0.09365,0.05372,0.02374,1.22674,1.94998,0.63483,2.33412,1.07496,0.00197389,0.000657963,0.00197389,0.000657963,0.00197389,0.000657963,0.00197389,0.000657963
122,313.215,0.75491,1.95515,0.59796,0.82823,0.89014,0.30862,0.47184,0.35559,0.23664,0.09296,0.13365,0.04484,0.01971,1.22713,1.92225,0.63426,2.29911,1.07587,0.00195908,0.000653025,0.00195908,0.000653025,0.00195908,0.000653025,0.00195908,0.000653025
123,315.593,0.86066,2.10657,0.63425,0.82273,0.90338,0.40607,0.31302,0.35286,0.22806,0.05283,0.09365,0.04205,0.01895,1.23289,1.9217,0.63549,2.35156,1.07643,0.00194421,0.000648071,0.00194421,0.000648071,0.00194421,0.000648071,0.00194421,0.000648071
124,318.171,0.83728,1.85681,0.6325,0.81961,0.8952,0.41632,0.31302,0.35717,0.23597,0.08473,0.13181,0.06316,0.02072,1.23053,1.90557,0.63509,2.3123,1.07285,0.0019293,0.000643101,0.0019293,0.000643101,0.0019293,0.000643101,0.0019293,0.000643101
125,320.548,0.83026,2.08082,0.61185,0.8238,0.90912,0.27265,0.47231,0.35322,0.23027,0.10401,0.17738,0.07167,0.0213,1.2286,1.89827,0.63356,2.3258,1.07175,0.00191435,0.000638115,0.00191435,0.000638115,0.00191435,0.000638115,0.00191435,0.000638115
126,323.044,0.83,1.98282,0.61208,0.8659,0.87882,0.30572,0.50603,0.35956,0.2319,0.0941,0.17365,0.06404,0.01991,1.23474,1.90235,0.63364,2.2714,1.07005,0.00189935,0.000633115,0.00189935,0.000633115,0.00189935,0.000633115,0.00189935,0.000633115
127,325.382,0.76652,1.99445,0.6082,0.74359,0.89121,0.26492,0.47923,0.33904,0.23284,0.08966,0.17208,0.0753,0.02116,1.23374,1.904,0.63225,2.28742,1.06869,0.0018843,0.000628101,0.0018843,0.000628101,0.0018843,0.000628101,0.0018843,0.000628101
128,327.922,0.79488,2.01074,0.61613,0.78244,0.89619,0.26403,0.34952,0.34978,0.22772,0.5907,0.06508,0.07052,0.01597,1.24545,1.91317,0.62679,2.33685,1.06842,0.00186922,0.000623074,0.00186922,0.000623074,0.00186922,0.000623074,0.00186922,0.000623074
129,330.254,0.77561,1.97528,0.60894,0.78638,0.89665,0.35179,0.30788,0.33294,0.21769,0.5731,0.06508,0.05567,0.01544,1.25636,1.91921,0.62805,2.34768,1.06568,0.0018541,0.000618034,0.0018541,0.000618034,0.0018541,0.000618034,0.0018541,0.000618034
130,332.776,0.78578,1.93594,0.59897,0.74762,0.90662,0.32304,0.34641,0.33995,0.23488,0.58678,0.06508,0.0636,0.0166,1.23809,1.91787,0.62452,2.35804,1.06131,0.00183894,0.000612981,0.00183894,0.000612981,0.00183894,0.000612981,0.00183894,0.000612981
131,335.066,0.74998,1.85486,0.60895,0.73078,0.88037,0.4249,0.37725,0.36291,0.24815,0.57689,0.06508,0.06296,0.01682,1.22885,1.92205,0.62657,2.39201,1.06529,0.00182375,0.000607916,0.00182375,0.000607916,0.00182375,0.000607916,0.00182375,0.000607916
132,337.581,0.77561,1.88256,0.60566,0.72626,0.87861,0.26857,0.34406,0.33547,0.23483,0.53493,0.07937,0.06889,0.01547,1.23783,1.92718,0.62679,2.45104,1.07654,0.00180852,0.00060284,0.00180852,0.00060284,0.00180852,0.00060284,0.00180852,0.00060284
133,339.892,0.73642,2.00768,0.60555,0.69205,0.88598,0.26812,0.34223,0.33425,0.23075,0.5249,0.07937,0.06357,0.01343,1.23371,1.92784,0.62554,2.44001,1.07293,0.00179326,0.000597754,0.00179326,0.000597754,0.00179326,0.000597754,0.00179326,0.000597754
134,342.359,0.82623,2.0325,0.61557,0.82713,0.88798,0.34715,0.41722,0.36153,0.23687,0.58136,0.06346,0.05994,0.01361,1.20951,1.92808,0.6284,2.35904,1.07038,0.00177797,0.000592657,0.00177797,0.000592657,0.00177797,0.000592657,0.00177797,0.000592657
135,344.848,0.90944,2.0399,0.61172,0.85524,0.92914,0.30257,0.40703,0.34206,0.22405,0.49449,0.05079,0.0452,0.0124,1.21819,1.92781,0.6285,2.33823,1.07717,0.00176265,0.000587551,0.00176265,0.000587551,0.00176265,0.000587551,0.00176265,0.000587551
136,347.478,0.82443,1.92458,0.60722,0.74298,0.8715,0.31218,0.43238,0.36054,0.23696,0.50503,0.05079,0.04411,0.01289,1.21428,1.94446,0.62563,2.30819,1.07547,0.00174731,0.000582435,0.00174731,0.000582435,0.00174731,0.000582435,0.00174731,0.000582435
137,349.831,0.76153,2.00596,0.59408,0.75681,0.88328,0.3144,0.43238,0.36752,0.24462,0.50872,0.05079,0.04391,0.01423,1.18716,1.94516,0.62254,2.31067,1.06861,0.00173193,0.000577311,0.00173193,0.000577311,0.00173193,0.000577311,0.00173193,0.000577311
138,352.385,0.84698,2.08409,0.61594,0.75763,0.89801,0.32126,0.41931,0.36189,0.24153,0.61107,0.06508,0.06267,0.01846,1.19472,1.93757,0.62428,2.37052,1.06953,0.00171654,0.000572179,0.00171654,0.000572179,0.00171654,0.000572179,0.00171654,0.000572179
139,354.642,0.81834,2.11152,0.61759,0.75817,0.91178,0.55894,0.36017,0.34493,0.23815,0.62578,0.06508,0.06931,0.01832,1.20102,1.93562,0.6245,2.41389,1.07329,0.00170112,0.00056704,0.00170112,0.00056704,0.00170112,0.00056704,0.00170112,0.00056704
140,357.153,0.7614,2.00327,0.59121,0.80605,0.87677,0.58895,0.34508,0.36089,0.2465,0.31831,0.09365,0.0703,0.02004,1.17753,1.93253,0.62018,2.3265,1.06928,0.00168568,0.000561894,0.00168568,0.000561894,0.00168568,0.000561894,0.00168568,0.000561894
141,359.496,0.77449,1.88424,0.61167,0.73915,0.91486,0.61586,0.34508,0.3714,0.25847,0.34305,0.09365,0.07113,0.02066,1.18665,1.9274,0.6185,2.27432,1.07159,0.00167022,0.000556742,0.00167022,0.000556742,0.00167022,0.000556742,0.00167022,0.000556742
142,362.133,0.72259,1.93414,0.6115,0.79918,0.89792,0.66031,0.29276,0.37587,0.25611,0.33784,0.07937,0.06371,0.01906,1.21629,1.95311,0.62024,2.23806,1.08125,0.00165475,0.000551584,0.00165475,0.000551584,0.00165475,0.000551584,0.00165475,0.000551584
143,364.372,0.80098,2.01495,0.62415,0.73737,0.90978,0.64279,0.29781,0.3773,0.25066,0.33346,0.07937,0.07707,0.02127,1.22299,1.94608,0.61897,2.26613,1.08345,0.00163926,0.000546421,0.00163926,0.000546421,0.00163926,0.000546421,0.00163926,0.000546421
144,366.927,0.75734,1.77226,0.60652,0.69821,0.87021,0.57916,0.36194,0.37509,0.24352,0.59926,0.06508,0.06704,0.02218,1.21953,1.9234,0.61776,2.25571,1.08201,0.00162376,0.000541253,0.00162376,0.000541253,0.00162376,0.000541253,0.00162376,0.000541253
145,369.351,0.75514,1.93616,0.58395,0.68877,0.88059,0.61998,0.34952,0.37612,0.2437,0.61378,0.06508,0.06814,0.02235,1.2135,1.92681,0.61701,2.237,1.07948,0.00160824,0.000536081,0.00160824,0.000536081,0.00160824,0.000536081,0.00160824,0.000536081
146,371.889,0.7909,1.93222,0.58724,0.79165,0.877,0.40634,0.39335,0.39933,0.26942,0.64367,0.06508,0.09068,0.02438,1.20402,1.90577,0.61804,2.22581,1.07708,0.00159272,0.000530906,0.00159272,0.000530906,0.00159272,0.000530906,0.00159272,0.000530906
147,374.16,0.86565,1.78595,0.6183,0.80044,0.91761,0.37994,0.40381,0.40529,0.27135,0.4264,0.06508,0.08969,0.02288,1.20965,1.90432,0.61639,2.18201,1.08406,0.00157719,0.000525728,0.00157719,0.000525728,0.00157719,0.000525728,0.00157719,0.000525728
148,376.639,0.75607,1.87022,0.5953,0.71604,0.88934,0.58926,0.42603,0.40168,0.27194,0.61431,0.06508,0.07105,0.01983,1.19463,1.92519,0.61395,2.21684,1.08015,0.00156164,0.000520548,0.00156164,0.000520548,0.00156164,0.000520548,0.00156164,0.000520548
149,378.844,0.76368,2.11349,0.58325,0.78077,0.90923,0.73865,0.35601,0.40561,0.26985,0.41424,0.06508,0.07213,0.02001,1.18479,1.93013,0.61142,2.22442,1.06846,0.0015461,0.000515366,0.0015461,0.000515366,0.0015461,0.000515366,0.0015461,0.000515366
150,381.294,0.84164,2.07106,0.61087,0.75382,0.89715,0.62096,0.41908,0.37814,0.25455,0.65012,0.06508,0.08867,0.02361,1.1802,1.91996,0.61179,2.22587,1.06493,0.00153055,0.000510184,0.00153055,0.000510184,0.00153055,0.000510184,0.00153055,0.000510184
151,383.626,0.77246,1.88602,0.58688,0.81362,0.90112,0.58754,0.38488,0.3625,0.25427,0.4787,0.06508,0.07521,0.02362,1.18179,1.91576,0.61286,2.26244,1.06787,0.001515,0.000505,0.001515,0.000505,0.001515,0.000505,0.001515,0.000505
152,386.087,0.73584,1.85773,0.58489,0.69338,0.87297,0.6953,0.4078,0.39057,0.26741,0.60131,0.05079,0.05006,0.02236,1.16804,1.9114,0.61004,2.26005,1.06676,0.00149945,0.000499816,0.00149945,0.000499816,0.00149945,0.000499816,0.00149945,0.000499816
153,388.336,0.75617,2.12832,0.5957,0.68329,0.87315,0.38066,0.42736,0.38446,0.26474,0.61707,0.05079,0.04815,0.02145,1.1716,1.90129,0.61195,2.2811,1.06623,0.0014839,0.000494634,0.0014839,0.000494634,0.0014839,0.000494634,0.0014839,0.000494634
154,390.781,0.7461,1.89051,0.58335,0.66736,0.87982,0.35895,0.37864,0.3741,0.25886,0.60856,0.05079,0.04853,0.01914,1.16467,1.89679,0.61089,2.31245,1.05745,0.00146836,0.000489452,0.00146836,0.000489452,0.00146836,0.000489452,0.00146836,0.000489452
155,393.068,0.71448,2.04053,0.5613,0.68728,0.90518,0.45821,0.36949,0.37396,0.25775,0.62206,0.05079,0.04838,0.01855,1.18104,1.88579,0.61031,2.33522,1.05772,0.00145281,0.000484272,0.00145281,0.000484272,0.00145281,0.000484272,0.00145281,0.000484272
156,395.729,0.68869,1.97606,0.58772,0.64324,0.8803,0.45285,0.35703,0.37742,0.25608,0.58912,0.05079,0.04892,0.01651,1.19767,1.88369,0.60845,2.30674,1.06948,0.00143728,0.000479094,0.00143728,0.000479094,0.00143728,0.000479094,0.00143728,0.000479094
157,398.194,0.74167,1.91153,0.5977,0.70868,0.87966,0.45773,0.35027,0.37869,0.24879,0.57965,0.05079,0.0495,0.01981,1.19817,1.88562,0.60864,2.30275,1.06934,0.00142176,0.000473919,0.00142176,0.000473919,0.00142176,0.000473919,0.00142176,0.000473919
158,400.733,0.79436,1.65371,0.59546,0.68381,0.88995,0.34718,0.40998,0.3688,0.24474,0.59754,0.06508,0.0556,0.01743,1.18516,1.89041,0.60531,2.34247,1.06852,0.00140624,0.000468747,0.00140624,0.000468747,0.00140624,0.000468747,0.00140624,0.000468747
159,403.091,0.7312,1.83811,0.5748,0.66908,0.87687,0.37042,0.40381,0.36699,0.24423,0.63421,0.06508,0.05492,0.01804,1.17606,1.88776,0.60531,2.33561,1.06231,0.00139074,0.000463579,0.00139074,0.000463579,0.00139074,0.000463579,0.00139074,0.000463579
160,405.825,0.70152,1.98862,0.57902,0.66408,0.87711,0.41903,0.37397,0.3749,0.25235,0.63901,0.06508,0.05928,0.01699,1.17527,1.88526,0.6065,2.33891,1.06459,0.00137525,0.000458416,0.00137525,0.000458416,0.00137525,0.000458416,0.00137525,0.000458416
161,408.284,0.84508,1.76718,0.60803,0.77735,0.93323,0.39596,0.40381,0.38144,0.25525,0.62088,0.06508,0.05873,0.01832,1.17804,1.87617,0.60938,2.33451,1.05812,0.00135978,0.000453258,0.00135978,0.000453258,0.00135978,0.000453258,0.00135978,0.000453258
162,410.956,0.78555,1.82805,0.59427,0.71538,0.88824,0.39871,0.41781,0.38747,0.25573,0.68776,0.06508,0.05877,0.01828,1.19274,1.8888,0.61004,2.29181,1.06672,0.00134432,0.000448106,0.00134432,0.000448106,0.00134432,0.000448106,0.00134432,0.000448106
163,413.475,0.76182,1.74521,0.59299,0.64948,0.87074,0.38614,0.42742,0.38614,0.26121,0.67246,0.06508,0.05876,0.01805,1.20012,1.88303,0.61017,2.26866,1.06806,0.00132888,0.00044296,0.00132888,0.00044296,0.00132888,0.00044296,0.00132888,0.00044296
164,415.954,0.78531,1.73648,0.59129,0.71862,0.8715,0.43956,0.38594,0.39237,0.25896,0.41538,0.06508,0.06668,0.01894,1.2131,1.90461,0.61042,2.31404,1.074,0.00131346,0.000437821,0.00131346,0.000437821,0.00131346,0.000437821,0.00131346,0.000437821
165,418.158,0.66254,1.94893,0.56829,0.63501,0.86394,0.40776,0.38803,0.38172,0.2609,0.42238,0.06508,0.0598,0.01807,1.19009,1.90848,0.60891,2.32657,1.07161,0.00129807,0.000432689,0.00129807,0.000432689,0.00129807,0.000432689,0.00129807,0.000432689
166,420.565,0.81327,1.86948,0.59286,0.7303,0.88504,0.42499,0.40147,0.37956,0.26277,0.09572,0.09174,0.05656,0.01807,1.19478,1.90779,0.61208,2.40776,1.07589,0.00128269,0.000427565,0.00128269,0.000427565,0.00128269,0.000427565,0.00128269,0.000427565
167,422.802,0.68279,1.94447,0.56568,0.64315,0.88308,0.38761,0.41175,0.37672,0.26084,0.06541,0.10894,0.06002,0.01937,1.18829,1.90897,0.60922,2.40012,1.07718,0.00126735,0.000422449,0.00126735,0.000422449,0.00126735,0.000422449,0.00126735,0.000422449
168,425.52,0.68649,1.92746,0.58585,0.69443,0.87346,0.3907,0.43821,0.37741,0.26565,0.07917,0.10464,0.0516,0.01883,1.18249,1.91289,0.6062,2.42203,1.07781,0.00125203,0.000417343,0.00125203,0.000417343,0.00125203,0.000417343,0.00125203,0.000417343
169,427.946,0.82616,1.68338,0.60647,0.85852,0.91308,0.37731,0.41759,0.37699,0.26581,0.06501,0.10794,0.05184,0.01726,1.17918,1.90689,0.6056,2.45994,1.07319,0.00123674,0.000412246,0.00123674,0.000412246,0.00123674,0.000412246,0.00123674,0.000412246
170,430.428,0.74697,1.83769,0.59444,0.68942,0.87453,0.25551,0.41878,0.353,0.25151,0.55498,0.05079,0.05493,0.01797,1.20092,1.90675,0.60342,2.47908,1.08246,0.00122148,0.00040716,0.00122148,0.00040716,0.00122148,0.00040716,0.00122148,0.00040716
171,432.671,0.83574,1.7056,0.58983,0.79796,0.94448,0.26816,0.4181,0.35147,0.25653,0.63882,0.06508,0.07103,0.01928,1.19787,1.90828,0.60224,2.43445,1.08157,0.00120625,0.000402084,0.00120625,0.000402084,0.00120625,0.000402084,0.00120625,0.000402084
172,435.244,0.71327,1.65797,0.5596,0.71905,0.86505,0.39684,0.43975,0.36996,0.2676,0.32509,0.09365,0.06827,0.01951,1.16768,1.8962,0.60061,2.31931,1.07114,0.00119106,0.000397019,0.00119106,0.000397019,0.00119106,0.000397019,0.00119106,0.000397019
173,437.73,0.75381,1.93093,0.59865,0.70239,0.88618,0.39573,0.44566,0.37141,0.26555,0.10564,0.14794,0.06967,0.0199,1.15465,1.89077,0.60208,2.3179,1.0686,0.0011759,0.000391966,0.0011759,0.000391966,0.0011759,0.000391966,0.0011759,0.000391966
174,440.44,0.6748,1.68324,0.57681,0.61591,0.85145,0.51307,0.4578,0.40173,0.26973,0.10328,0.14794,0.06958,0.02356,1.14621,1.90615,0.60212,2.29011,1.05979,0.00116078,0.000386926,0.00116078,0.000386926,0.00116078,0.000386926,0.00116078,0.000386926
175,442.675,0.87035,1.60735,0.61239,0.75925,0.95613,0.45187,0.42727,0.38788,0.26766,0.09326,0.13212,0.06942,0.02412,1.14275,1.90336,0.60226,2.26967,1.06276,0.0011457,0.000381899,0.0011457,0.000381899,0.0011457,0.000381899,0.0011457,0.000381899
176,445.088,0.78203,1.79714,0.58535,0.66029,0.8612,0.6777,0.38014,0.38928,0.26891,0.11273,0.17365,0.08096,0.02555,1.13155,1.89613,0.59993,2.24919,1.06382,0.00113065,0.000376885,0.00113065,0.000376885,0.00113065,0.000376885,0.00113065,0.000376885
177,447.459,0.79429,1.92652,0.5908,0.75845,0.87035,0.7136,0.36108,0.39392,0.27656,0.07714,0.13365,0.08056,0.02459,1.1231,1.889,0.60018,2.25524,1.06082,0.00111565,0.000371885,0.00111565,0.000371885,0.00111565,0.000371885,0.00111565,0.000371885
178,449.971,0.68882,1.831,0.56583,0.617,0.85242,0.63347,0.32911,0.37621,0.26799,0.08515,0.13365,0.08442,0.02654,1.11797,1.88379,0.59793,2.25861,1.05453,0.0011007,0.000366899,0.0011007,0.000366899,0.0011007,0.000366899,0.0011007,0.000366899
179,452.352,0.71541,1.99993,0.55986,0.66564,0.85212,0.59704,0.35812,0.37691,0.26424,0.28565,0.1331,0.08504,0.03028,1.11225,1.87738,0.59876,2.30042,1.04969,0.00108579,0.000361929,0.00108579,0.000361929,0.00108579,0.000361929,0.00108579,0.000361929
180,455.187,0.72704,1.81866,0.58529,0.64451,0.87116,0.58352,0.3595,0.3675,0.2524,0.63975,0.06425,0.08057,0.0314,1.12207,1.86642,0.59927,2.34401,1.05193,0.00107092,0.000356975,0.00107092,0.000356975,0.00107092,0.000356975,0.00107092,0.000356975
181,457.675,0.74183,1.98814,0.60657,0.68881,0.87311,0.58926,0.35901,0.36692,0.25118,0.0839,0.13365,0.08965,0.02855,1.13202,1.87627,0.59864,2.36047,1.05566,0.00105611,0.000352037,0.00105611,0.000352037,0.00105611,0.000352037,0.00105611,0.000352037
182,460.384,0.72087,1.89396,0.56575,0.65825,0.87634,0.29006,0.39246,0.34587,0.25007,0.11082,0.14124,0.09162,0.02359,1.13641,1.90106,0.59727,2.40837,1.05391,0.00104135,0.000347115,0.00104135,0.000347115,0.00104135,0.000347115,0.00104135,0.000347115
183,462.782,0.72448,1.82743,0.57974,0.62946,0.87895,0.35166,0.36807,0.34573,0.24853,0.11003,0.14237,0.09142,0.02368,1.13519,1.90868,0.59601,2.39639,1.05465,0.00102663,0.000342211,0.00102663,0.000342211,0.00102663,0.000342211,0.00102663,0.000342211
184,465.432,0.84861,1.84582,0.62549,0.77516,0.90789,0.38308,0.37662,0.34673,0.24908,0.08955,0.13795,0.08456,0.02294,1.14369,1.91535,0.59698,2.47133,1.06151,0.00101197,0.000337325,0.00101197,0.000337325,0.00101197,0.000337325,0.00101197,0.000337325
185,467.914,0.73998,1.8833,0.59534,0.72652,0.88693,0.37208,0.3584,0.3453,0.24902,0.08739,0.1346,0.0822,0.02236,1.13647,1.91258,0.59684,2.46601,1.06058,0.000997371,0.000332457,0.000997371,0.000332457,0.000997371,0.000332457,0.000997371,0.000332457
186,470.407,0.80852,1.85295,0.60133,0.70585,0.89068,0.35844,0.36381,0.34141,0.24987,0.55691,0.06508,0.07797,0.02129,1.13189,1.88531,0.59392,2.46669,1.06344,0.000982824,0.000327608,0.000982824,0.000327608,0.000982824,0.000327608,0.000982824,0.000327608
187,472.71,0.74318,1.75181,0.56966,0.63875,0.85656,0.35311,0.36166,0.34332,0.24941,0.54976,0.06508,0.07529,0.02115,1.12448,1.87714,0.59437,2.46074,1.06298,0.000968335,0.000322778,0.000968335,0.000322778,0.000968335,0.000322778,0.000968335,0.000322778
188,475.172,0.71046,1.78141,0.57063,0.62948,0.84609,0.58394,0.34952,0.35604,0.2595,0.55634,0.06508,0.07473,0.02084,1.12571,1.87905,0.59584,2.47074,1.06426,0.000953906,0.000317969,0.000953906,0.000317969,0.000953906,0.000317969,0.000953906,0.000317969
189,477.525,0.71978,1.95346,0.58027,0.65243,0.86958,0.65571,0.31012,0.36003,0.26334,0.55386,0.06508,0.07527,0.01942,1.13703,1.88286,0.59545,2.44808,1.06364,0.000939539,0.00031318,0.000939539,0.00031318,0.000939539,0.00031318,0.000939539,0.00031318
190,480.217,0.69855,1.67466,0.55767,0.58784,0.84912,0.34794,0.45903,0.3622,0.26302,0.12863,0.16949,0.08601,0.02511,1.15776,1.8951,0.59223,2.40729,1.07268,0.000925235,0.000308412,0.000925235,0.000308412,0.000925235,0.000308412,0.000925235,0.000308412
191,482.469,0.7064,1.72436,0.57234,0.60854,0.88337,0.32604,0.42685,0.36763,0.26451,0.12762,0.15937,0.09009,0.02587,1.15824,1.89196,0.59459,2.39135,1.0685,0.000910996,0.000303665,0.000910996,0.000303665,0.000910996,0.000303665,0.000910996,0.000303665
192,485.055,0.7309,1.73079,0.59963,0.69295,0.87101,0.33754,0.41175,0.36066,0.25904,0.11392,0.16119,0.0881,0.02602,1.1683,1.89402,0.59521,2.37112,1.07392,0.000896823,0.000298941,0.000896823,0.000298941,0.000896823,0.000298941,0.000896823,0.000298941
193,487.325,0.68389,1.7101,0.5847,0.70164,0.87635,0.48458,0.40859,0.37129,0.26683,0.16743,0.11364,0.09558,0.02526,1.16102,1.89174,0.59555,2.38636,1.07443,0.000882718,0.000294239,0.000882718,0.000294239,0.000882718,0.000294239,0.000882718,0.000294239
194,489.743,0.69662,1.89716,0.58669,0.63392,0.87778,0.57698,0.43046,0.3912,0.27205,0.20344,0.16519,0.0949,0.02557,1.16206,1.87709,0.59404,2.43171,1.07504,0.000868682,0.000289561,0.000868682,0.000289561,0.000868682,0.000289561,0.000868682,0.000289561
195,491.975,0.70217,1.72513,0.58264,0.63913,0.86881,0.56421,0.41476,0.39182,0.26987,0.18132,0.16203,0.09437,0.02703,1.15065,1.88205,0.59711,2.4645,1.06961,0.000854717,0.000284906,0.000854717,0.000284906,0.000854717,0.000284906,0.000854717,0.000284906
196,494.387,0.6892,1.94404,0.56838,0.61142,0.85956,0.48869,0.3712,0.37813,0.25589,0.08933,0.13365,0.0816,0.02511,1.14101,1.87447,0.59692,2.50196,1.06173,0.000840824,0.000280275,0.000840824,0.000280275,0.000840824,0.000280275,0.000840824,0.000280275
197,496.682,0.69358,1.78314,0.55238,0.62821,0.85531,0.34386,0.35615,0.35998,0.24261,0.08801,0.13608,0.0848,0.02935,1.13343,1.86855,0.59523,2.50593,1.06064,0.000827005,0.000275668,0.000827005,0.000275668,0.000827005,0.000275668,0.000827005,0.000275668
198,499.357,0.75561,1.77233,0.57932,0.69215,0.87511,0.55282,0.34317,0.3671,0.24981,0.09107,0.12776,0.08809,0.03181,1.13555,1.86968,0.59659,2.51866,1.06069,0.000813262,0.000271087,0.000813262,0.000271087,0.000813262,0.000271087,0.000813262,0.000271087
199,501.619,0.66424,1.75085,0.57375,0.63198,0.86369,0.68022,0.3808,0.3873,0.25773,0.09608,0.15106,0.08942,0.03143,1.13526,1.87389,0.59616,2.51394,1.05913,0.000799596,0.000266532,0.000799596,0.000266532,0.000799596,0.000266532,0.000799596,0.000266532
200,504.12,0.78437,1.7902,0.60192,0.88157,0.97563,0.48712,0.38176,0.38304,0.25612,0.08445,0.12458,0.08817,0.03065,1.15518,1.8867,0.59416,2.52703,1.05946,0.000786008,0.000262003,0.000786008,0.000262003,0.000786008,0.000262003,0.000786008,0.000262003
201,506.308,0.71815,1.68297,0.57227,0.65171,0.86486,0.31008,0.40608,0.37159,0.25058,0.17,0.11661,0.09828,0.03457,1.15187,1.88808,0.59429,2.52954,1.06044,0.0007725,0.0002575,0.0007725,0.0002575,0.0007725,0.0002575,0.0007725,0.0002575
202,508.758,0.76579,1.60739,0.55499,0.63847,0.87061,0.31397,0.4008,0.37139,0.25832,0.16919,0.1173,0.10741,0.03347,1.15288,1.879,0.5937,2.51099,1.05639,0.000759073,0.000253024,0.000759073,0.000253024,0.000759073,0.000253024,0.000759073,0.000253024
203,511.088,0.66637,1.75588,0.58105,0.59806,0.8661,0.33383,0.41069,0.37145,0.25962,0.13089,0.14611,0.10597,0.03479,1.15056,1.8783,0.5936,2.50487,1.0566,0.00074573,0.000248577,0.00074573,0.000248577,0.00074573,0.000248577,0.00074573,0.000248577
204,513.711,0.69456,1.9453,0.57502,0.63373,0.87301,0.41353,0.34317,0.36845,0.25864,0.11213,0.13095,0.10303,0.03198,1.14802,1.88034,0.59003,2.47651,1.05666,0.000732471,0.000244157,0.000732471,0.000244157,0.000732471,0.000244157,0.000732471,0.000244157
205,516.03,0.65993,1.64796,0.58193,0.62986,0.85574,0.33654,0.39416,0.37222,0.25859,0.12283,0.13186,0.09932,0.03092,1.14241,1.88249,0.59037,2.47611,1.05344,0.000719297,0.000239766,0.000719297,0.000239766,0.000719297,0.000239766,0.000719297,0.000239766
206,518.68,0.67867,1.89513,0.57628,0.62343,0.8667,0.40239,0.35575,0.36951,0.257,0.16538,0.11746,0.09986,0.03038,1.14096,1.88572,0.59096,2.50389,1.05599,0.000706211,0.000235404,0.000706211,0.000235404,0.000706211,0.000235404,0.000706211,0.000235404
207,521.113,0.69199,1.77807,0.5809,0.60924,0.85109,0.39596,0.35508,0.36863,0.25376,0.16392,0.11787,0.09603,0.03066,1.14127,1.89088,0.59285,2.50061,1.05641,0.000693214,0.000231071,0.000693214,0.000231071,0.000693214,0.000231071,0.000693214,0.000231071
208,523.588,0.72912,1.72329,0.58865,0.66886,0.88744,0.37578,0.37175,0.37655,0.24999,0.17569,0.13286,0.09866,0.03059,1.15115,1.90245,0.59272,2.49059,1.05621,0.000680306,0.000226769,0.000680306,0.000226769,0.000680306,0.000226769,0.000680306,0.000226769
209,525.872,0.63435,1.66343,0.53804,0.60495,0.85225,0.37502,0.37175,0.3768,0.25283,0.17608,0.13304,0.0943,0.02876,1.16085,1.91442,0.59432,2.48921,1.05752,0.00066749,0.000222497,0.00066749,0.000222497,0.00066749,0.000222497,0.00066749,0.000222497
210,528.34,0.66255,1.78353,0.56312,0.65053,0.88487,0.62368,0.34917,0.36633,0.24823,0.37446,0.13567,0.09186,0.02691,1.16233,1.91345,0.59448,2.48837,1.05502,0.000654767,0.000218256,0.000654767,0.000218256,0.000654767,0.000218256,0.000654767,0.000218256
211,530.603,0.66009,1.7919,0.55646,0.6318,0.86197,0.617,0.35516,0.36821,0.24907,0.11114,0.14794,0.08565,0.02577,1.1496,1.9099,0.59487,2.50958,1.05249,0.000642139,0.000214046,0.000642139,0.000214046,0.000642139,0.000214046,0.000642139,0.000214046
212,533.092,0.71809,1.65275,0.56684,0.60965,0.8679,0.63391,0.35292,0.36364,0.25113,0.10642,0.14794,0.08664,0.02678,1.14545,1.91245,0.59482,2.51569,1.0481,0.000629606,0.000209869,0.000629606,0.000209869,0.000629606,0.000209869,0.000629606,0.000209869
213,535.478,0.64802,1.73717,0.55818,0.61234,0.86606,0.6333,0.35304,0.36356,0.24784,0.11501,0.14794,0.08786,0.02749,1.14168,1.90811,0.59395,2.51822,1.04929,0.00061717,0.000205723,0.00061717,0.000205723,0.00061717,0.000205723,0.00061717,0.000205723
214,538.114,0.71844,1.66158,0.57734,0.61568,0.87891,0.62537,0.353,0.3548,0.24557,0.10945,0.14589,0.08518,0.02644,1.13778,1.88687,0.59313,2.50112,1.05147,0.000604833,0.000201611,0.000604833,0.000201611,0.000604833,0.000201611,0.000604833,0.000201611
215,540.466,0.75303,1.73009,0.62066,0.6304,0.88517,0.63348,0.35726,0.34676,0.23955,0.09459,0.1384,0.07421,0.02531,1.13537,1.86969,0.59342,2.50397,1.05217,0.000592596,0.000197532,0.000592596,0.000197532,0.000592596,0.000197532,0.000592596,0.000197532
216,542.944,0.73303,1.80203,0.57069,0.63058,0.8774,0.64309,0.32095,0.35786,0.24596,0.37139,0.13123,0.09174,0.02707,1.13727,1.85724,0.59384,2.49055,1.05319,0.000580459,0.000193486,0.000580459,0.000193486,0.000580459,0.000193486,0.000580459,0.000193486
217,545.318,0.6608,1.80853,0.56301,0.59549,0.8413,0.65039,0.31919,0.35583,0.24362,0.38294,0.14564,0.09673,0.02847,1.14312,1.85137,0.59627,2.5018,1.05604,0.000568425,0.000189475,0.000568425,0.000189475,0.000568425,0.000189475,0.000568425,0.000189475
218,547.902,0.75231,1.79568,0.5605,0.6872,0.89297,0.38916,0.34952,0.35445,0.24276,0.1735,0.13058,0.09736,0.02808,1.14882,1.85291,0.59774,2.46869,1.05768,0.000556495,0.000185498,0.000556495,0.000185498,0.000556495,0.000185498,0.000556495,0.000185498
219,550.249,0.68964,1.82303,0.59644,0.6281,0.84369,0.39336,0.36003,0.35318,0.24132,0.17378,0.13057,0.0924,0.027,1.15193,1.85485,0.59643,2.44699,1.05775,0.00054467,0.000181557,0.00054467,0.000181557,0.00054467,0.000181557,0.00054467,0.000181557
220,552.7,0.738,1.64569,0.58349,0.66212,0.88127,0.44363,0.33365,0.35355,0.24305,0.17172,0.13095,0.08855,0.02735,1.16043,1.85991,0.59759,2.44199,1.06242,0.000532952,0.000177651,0.000532952,0.000177651,0.000532952,0.000177651,0.000532952,0.000177651
221,555.041,0.71548,1.75852,0.57565,0.63034,0.86537,0.44253,0.33224,0.3505,0.23883,0.17201,0.13105,0.08824,0.02725,1.16238,1.8624,0.59606,2.43844,1.06217,0.000521341,0.00017378,0.000521341,0.00017378,0.000521341,0.00017378,0.000521341,0.00017378
222,557.78,0.71087,1.71236,0.6042,0.6535,0.88632,0.43242,0.33307,0.34716,0.23659,0.17287,0.13104,0.08654,0.02658,1.14767,1.8686,0.59539,2.44888,1.05986,0.000509839,0.000169946,0.000509839,0.000169946,0.000509839,0.000169946,0.000509839,0.000169946
223,560.254,0.6439,1.78087,0.58672,0.58895,0.84532,0.42431,0.33183,0.34793,0.23889,0.16077,0.11522,0.07046,0.02525,1.14483,1.86861,0.59253,2.46936,1.06038,0.000498448,0.000166149,0.000498448,0.000166149,0.000498448,0.000166149,0.000498448,0.000166149
224,562.974,0.65942,1.64921,0.57191,0.60121,0.85049,0.41739,0.35245,0.35027,0.24298,0.16522,0.11859,0.08616,0.02632,1.13995,1.88057,0.59361,2.47373,1.06118,0.000487167,0.000162389,0.000487167,0.000162389,0.000487167,0.000162389,0.000487167,0.000162389
225,565.404,0.68179,1.60913,0.55924,0.61715,0.88233,0.41276,0.35413,0.34928,0.24241,0.16728,0.11918,0.08564,0.02669,1.13778,1.87907,0.59223,2.48786,1.0586,0.000476,0.000158667,0.000476,0.000158667,0.000476,0.000158667,0.000476,0.000158667
226,568.111,0.69079,1.75668,0.56845,0.60719,0.86952,0.40764,0.35668,0.35501,0.24585,0.17408,0.11723,0.08387,0.02628,1.1413,1.87699,0.59338,2.50149,1.05826,0.000464946,0.000154982,0.000464946,0.000154982,0.000464946,0.000154982,0.000464946,0.000154982
227,570.554,0.67508,1.66322,0.59128,0.56194,0.88037,0.40836,0.35683,0.35452,0.24675,0.17512,0.1175,0.08694,0.02686,1.14256,1.87228,0.59239,2.51749,1.05625,0.000454008,0.000151336,0.000454008,0.000151336,0.000454008,0.000151336,0.000454008,0.000151336
228,573.293,0.69579,1.55697,0.58001,0.61213,0.8637,0.39864,0.34405,0.34693,0.24542,0.15616,0.13062,0.08592,0.02772,1.13456,1.87414,0.59278,2.51769,1.05062,0.000443186,0.000147729,0.000443186,0.000147729,0.000443186,0.000147729,0.000443186,0.000147729
229,575.776,0.7092,1.67722,0.56967,0.62112,0.83833,0.61433,0.34317,0.348,0.24643,0.16099,0.1339,0.08668,0.02849,1.13525,1.8683,0.59306,2.52153,1.05013,0.000432482,0.000144161,0.000432482,0.000144161,0.000432482,0.000144161,0.000432482,0.000144161
230,578.486,0.64649,1.6173,0.56303,0.54869,0.84539,0.58974,0.33767,0.33723,0.24244,0.18451,0.14751,0.08904,0.02705,1.13811,1.87309,0.59137,2.52903,1.04921,0.000421896,0.000140632,0.000421896,0.000140632,0.000421896,0.000140632,0.000421896,0.000140632
231,580.815,0.71879,1.68477,0.58295,0.62496,0.8606,0.58695,0.34152,0.34036,0.24885,0.11831,0.14794,0.08241,0.02718,1.14474,1.87625,0.59158,2.50561,1.05093,0.00041143,0.000137143,0.00041143,0.000137143,0.00041143,0.000137143,0.00041143,0.000137143
232,583.507,0.63749,1.71633,0.55589,0.58637,0.87746,0.61095,0.37913,0.35594,0.25339,0.11387,0.14794,0.07803,0.02489,1.14589,1.88039,0.58964,2.48281,1.05178,0.000401085,0.000133695,0.000401085,0.000133695,0.000401085,0.000133695,0.000401085,0.000133695
233,585.89,0.65154,1.72922,0.57506,0.66338,0.86211,0.6215,0.36369,0.36139,0.25641,0.11199,0.14794,0.07819,0.02544,1.1513,1.87915,0.58962,2.49231,1.05388,0.000390862,0.000130287,0.000390862,0.000130287,0.000390862,0.000130287,0.000390862,0.000130287
234,588.516,0.69883,1.91196,0.55706,0.64522,0.87557,0.62437,0.36496,0.36634,0.25345,0.11671,0.14794,0.0826,0.0239,1.1411,1.87606,0.58966,2.50404,1.06018,0.000380763,0.000126921,0.000380763,0.000126921,0.000380763,0.000126921,0.000380763,0.000126921
235,590.982,0.747,1.93638,0.58143,0.7306,0.88996,0.40066,0.40755,0.37475,0.25832,0.10559,0.14794,0.07929,0.02513,1.14636,1.87683,0.59174,2.52355,1.06254,0.000370788,0.000123596,0.000370788,0.000123596,0.000370788,0.000123596,0.000370788,0.000123596
236,593.68,0.67603,1.64854,0.54951,0.57962,0.8583,0.41048,0.42234,0.37028,0.2562,0.10416,0.13365,0.07315,0.02263,1.15908,1.87419,0.5909,2.50717,1.0672,0.000360938,0.000120313,0.000360938,0.000120313,0.000360938,0.000120313,0.000360938,0.000120313
237,596.062,0.63736,2.07238,0.57288,0.67493,0.8795,0.40019,0.42603,0.37001,0.25644,0.11561,0.14794,0.07415,0.02421,1.15415,1.87354,0.59064,2.5053,1.06733,0.000351215,0.000117072,0.000351215,0.000117072,0.000351215,0.000117072,0.000351215,0.000117072
238,598.738,0.6976,1.67997,0.5621,0.58585,0.86106,0.39973,0.42779,0.36974,0.25938,0.11839,0.14794,0.07649,0.0245,1.15245,1.88113,0.59129,2.47961,1.06249,0.00034162,0.000113873,0.00034162,0.000113873,0.00034162,0.000113873,0.00034162,0.000113873
239,601.126,0.71604,1.61973,0.55746,0.6135,0.88649,0.36873,0.42744,0.35401,0.24691,0.12169,0.14794,0.0713,0.02313,1.15194,1.88333,0.59163,2.47516,1.06722,0.000332153,0.000110718,0.000332153,0.000110718,0.000332153,0.000110718,0.000332153,0.000110718
240,603.73,0.75063,1.59329,0.59015,0.65069,0.86477,0.44715,0.33366,0.3501,0.2412,0.12192,0.14794,0.07341,0.02438,1.14908,1.8775,0.58963,2.46991,1.0704,0.000322816,0.000107605,0.000322816,0.000107605,0.000322816,0.000107605,0.000322816,0.000107605
241,606.095,0.65866,1.62042,0.55935,0.59458,0.8605,0.44663,0.33517,0.34995,0.23794,0.14276,0.16222,0.07405,0.02489,1.14226,1.87932,0.58998,2.46317,1.0694,0.00031361,0.000104537,0.00031361,0.000104537,0.00031361,0.000104537,0.00031361,0.000104537
242,608.643,0.74466,1.68599,0.57388,0.62924,0.90954,0.44927,0.34083,0.34993,0.23647,0.14528,0.13781,0.08252,0.02474,1.1488,1.88663,0.58914,2.46515,1.06902,0.000304535,0.000101512,0.000304535,0.000101512,0.000304535,0.000101512,0.000304535,0.000101512
243,611.055,0.65215,1.55979,0.5797,0.63899,0.8608,0.37836,0.4079,0.35613,0.24028,0.15009,0.1421,0.08201,0.02474,1.14824,1.88638,0.5886,2.46704,1.06656,0.000295593,9.85311e-05,0.000295593,9.85311e-05,0.000295593,9.85311e-05,0.000295593,9.85311e-05
244,613.596,0.68268,1.65547,0.56688,0.63108,0.8537,0.35723,0.38603,0.35765,0.24205,0.15708,0.14584,0.08295,0.02511,1.13958,1.89223,0.58892,2.45841,1.06426,0.000286785,9.55951e-05,0.000286785,9.55951e-05,0.000286785,9.55951e-05,0.000286785,9.55951e-05
245,616.011,0.68359,1.67484,0.55821,0.62048,0.86981,0.39754,0.3604,0.35512,0.24027,0.17058,0.13365,0.08255,0.02477,1.14928,1.8876,0.58786,2.46256,1.0663,0.000278112,9.2704e-05,0.000278112,9.2704e-05,0.000278112,9.2704e-05,0.000278112,9.2704e-05
246,618.62,0.65765,1.55981,0.56094,0.60524,0.84663,0.38962,0.36792,0.35401,0.24048,0.16527,0.13365,0.08277,0.02493,1.13891,1.88886,0.58848,2.46684,1.06217,0.000269574,8.98581e-05,0.000269574,8.98581e-05,0.000269574,8.98581e-05,0.000269574,8.98581e-05
247,620.936,0.72416,1.70844,0.58707,0.70881,0.87331,0.39667,0.36221,0.35402,0.23913,0.1778,0.14236,0.08318,0.02499,1.14179,1.88842,0.5887,2.46774,1.06249,0.000261173,8.70577e-05,0.000261173,8.70577e-05,0.000261173,8.70577e-05,0.000261173,8.70577e-05
248,623.516,0.65318,1.89079,0.59236,0.60319,0.88063,0.62083,0.35746,0.35051,0.23785,0.37807,0.14322,0.08416,0.02527,1.14109,1.88675,0.58804,2.46812,1.06033,0.000252909,8.43031e-05,0.000252909,8.43031e-05,0.000252909,8.43031e-05,0.000252909,8.43031e-05
249,625.852,0.6481,1.53987,0.543,0.5442,0.86325,0.61827,0.35746,0.34407,0.23836,0.36958,0.13365,0.08227,0.02534,1.13905,1.88338,0.58845,2.46881,1.05804,0.000244784,8.15947e-05,0.000244784,8.15947e-05,0.000244784,8.15947e-05,0.000244784,8.15947e-05
250,628.384,0.6696,1.74384,0.58814,0.5741,0.85854,0.60021,0.36538,0.34978,0.24054,0.37875,0.14386,0.0865,0.02594,1.13708,1.87558,0.59067,2.47707,1.06047,0.000236798,7.89327e-05,0.000236798,7.89327e-05,0.000236798,7.89327e-05,0.000236798,7.89327e-05
251,630.755,0.64268,1.82437,0.56854,0.63457,0.85577,0.59808,0.36424,0.34627,0.23997,0.36586,0.12702,0.08167,0.02502,1.13711,1.87504,0.58992,2.48412,1.06046,0.000228952,7.63174e-05,0.000228952,7.63174e-05,0.000228952,7.63174e-05,0.000228952,7.63174e-05
252,633.372,0.75658,1.64207,0.58508,0.65679,0.8839,0.58976,0.34023,0.34411,0.23852,0.15262,0.13365,0.0877,0.0263,1.13484,1.8734,0.59038,2.48969,1.06217,0.000221247,7.37492e-05,0.000221247,7.37492e-05,0.000221247,7.37492e-05,0.000221247,7.37492e-05
253,635.692,0.65006,1.71563,0.57616,0.59137,0.87955,0.5868,0.33203,0.34482,0.23899,0.15224,0.13749,0.08778,0.02621,1.13919,1.87559,0.5909,2.4977,1.06382,0.000213685,7.12282e-05,0.000213685,7.12282e-05,0.000213685,7.12282e-05,0.000213685,7.12282e-05
254,638.251,0.6565,1.65625,0.56805,0.57039,0.86929,0.61329,0.32119,0.34624,0.23734,0.37415,0.10361,0.08574,0.02553,1.14286,1.8759,0.59292,2.50453,1.06559,0.000206264,6.87548e-05,0.000206264,6.87548e-05,0.000206264,6.87548e-05,0.000206264,6.87548e-05
255,640.626,0.66525,1.69841,0.56478,0.62268,0.87129,0.60919,0.32124,0.34698,0.23727,0.3749,0.10357,0.08602,0.02582,1.14261,1.87747,0.59213,2.49392,1.06702,0.000198988,6.63292e-05,0.000198988,6.63292e-05,0.000198988,6.63292e-05,0.000198988,6.63292e-05
256,643.38,0.66988,1.63477,0.56849,0.59001,0.86102,0.38671,0.34767,0.34888,0.24024,0.37445,0.10374,0.08595,0.02552,1.1509,1.88151,0.59076,2.48484,1.06728,0.000191855,6.39518e-05,0.000191855,6.39518e-05,0.000191855,6.39518e-05,0.000191855,6.39518e-05
257,645.755,0.65274,1.73869,0.56237,0.58395,0.8585,0.3937,0.34548,0.34918,0.24002,0.37215,0.10351,0.08243,0.02598,1.15133,1.88098,0.59054,2.4776,1.06705,0.000184868,6.16227e-05,0.000184868,6.16227e-05,0.000184868,6.16227e-05,0.000184868,6.16227e-05
258,648.372,0.70781,1.7029,0.58937,0.68125,0.86704,0.39946,0.34571,0.34967,0.23703,0.15096,0.11937,0.08315,0.02607,1.15024,1.88134,0.59005,2.45707,1.06925,0.000178027,5.93422e-05,0.000178027,5.93422e-05,0.000178027,5.93422e-05,0.000178027,5.93422e-05
259,650.608,0.71057,1.53443,0.5855,0.6173,0.8824,0.60165,0.34614,0.34999,0.23862,0.15297,0.11937,0.08379,0.02623,1.14887,1.88177,0.58931,2.46429,1.06817,0.000171332,5.71106e-05,0.000171332,5.71106e-05,0.000171332,5.71106e-05,0.000171332,5.71106e-05
260,653.306,0.6274,1.53084,0.57989,0.61277,0.85747,0.60754,0.35208,0.35579,0.24043,0.35282,0.11937,0.07745,0.02408,1.14198,1.88592,0.58889,2.43593,1.06477,0.000164784,5.49281e-05,0.000164784,5.49281e-05,0.000164784,5.49281e-05,0.000164784,5.49281e-05
261,655.599,0.61826,1.79952,0.55183,0.54866,0.85796,0.61908,0.35611,0.3478,0.23785,0.36652,0.11937,0.08103,0.02448,1.13982,1.8865,0.58882,2.42831,1.06453,0.000158385,5.2795e-05,0.000158385,5.2795e-05,0.000158385,5.2795e-05,0.000158385,5.2795e-05
262,658.16,0.71502,1.47126,0.58093,0.70349,0.86403,0.60688,0.35488,0.35017,0.23982,0.40219,0.14668,0.08549,0.02538,1.14874,1.88672,0.58786,2.44233,1.06766,0.000152134,5.07115e-05,0.000152134,5.07115e-05,0.000152134,5.07115e-05,0.000152134,5.07115e-05
263,660.434,0.70394,1.51678,0.57338,0.62641,0.87998,0.60568,0.3544,0.354,0.24115,0.40074,0.14687,0.08587,0.02549,1.14484,1.887,0.58795,2.44788,1.06729,0.000146033,4.86777e-05,0.000146033,4.86777e-05,0.000146033,4.86777e-05,0.000146033,4.86777e-05
264,662.977,0.63724,1.6576,0.54669,0.58457,0.85748,0.59993,0.35408,0.34805,0.23804,0.39248,0.14794,0.0857,0.02543,1.14372,1.88741,0.58835,2.46547,1.06775,0.000140082,4.66941e-05,0.000140082,4.66941e-05,0.000140082,4.66941e-05,0.000140082,4.66941e-05
265,665.339,0.68095,1.61782,0.57406,0.60522,0.86799,0.60111,0.3554,0.35559,0.23913,0.38874,0.14794,0.08568,0.02518,1.14394,1.88819,0.58872,2.46627,1.0662,0.000134282,4.47606e-05,0.000134282,4.47606e-05,0.000134282,4.47606e-05,0.000134282,4.47606e-05
266,667.917,0.70358,1.61426,0.56599,0.63456,0.88312,0.60565,0.35508,0.3544,0.24033,0.39519,0.14794,0.08574,0.02937,1.13586,1.88599,0.5878,2.48923,1.06325,0.000128633,4.28777e-05,0.000128633,4.28777e-05,0.000128633,4.28777e-05,0.000128633,4.28777e-05
267,670.359,0.65529,1.68457,0.55948,0.58191,0.85506,0.60783,0.35479,0.35357,0.23984,0.3972,0.14794,0.08549,0.029,1.13394,1.88601,0.58762,2.49121,1.06304,0.000123136,4.10454e-05,0.000123136,4.10454e-05,0.000123136,4.10454e-05,0.000123136,4.10454e-05
268,672.903,0.65622,1.80601,0.57139,0.57798,0.84766,0.60668,0.35437,0.35679,0.2428,0.3843,0.13365,0.08201,0.0299,1.13786,1.88484,0.58841,2.47891,1.06497,0.000117792,3.9264e-05,0.000117792,3.9264e-05,0.000117792,3.9264e-05,0.000117792,3.9264e-05
269,675.116,0.69125,1.69962,0.58341,0.5852,0.86018,0.60721,0.35575,0.35677,0.24196,0.38283,0.13365,0.08492,0.0303,1.13668,1.88323,0.589,2.47596,1.0647,0.000112601,3.75337e-05,0.000112601,3.75337e-05,0.000112601,3.75337e-05,0.000112601,3.75337e-05
270,677.659,0.67553,1.77627,0.57971,0.62841,0.85204,0.60605,0.35338,0.35528,0.24333,0.38238,0.13365,0.08395,0.02854,1.13364,1.8808,0.58734,2.4772,1.06056,0.000107564,3.58546e-05,0.000107564,3.58546e-05,0.000107564,3.58546e-05,0.000107564,3.58546e-05
271,680.037,0.64892,1.84611,0.58027,0.62215,0.85941,0.61305,0.35471,0.35414,0.24288,0.38303,0.11753,0.0804,0.02953,1.13394,1.88296,0.58786,2.47151,1.06109,0.000102681,3.4227e-05,0.000102681,3.4227e-05,0.000102681,3.4227e-05,0.000102681,3.4227e-05
272,682.687,0.67608,1.6001,0.58596,0.61762,0.86647,0.62766,0.35746,0.35486,0.24215,0.38208,0.11825,0.08115,0.02891,1.13442,1.88276,0.58837,2.47666,1.06009,9.79531e-05,3.2651e-05,9.79531e-05,3.2651e-05,9.79531e-05,3.2651e-05,9.79531e-05,3.2651e-05
273,685.056,0.63812,1.78358,0.56068,0.62325,0.87354,0.63026,0.35746,0.35283,0.24215,0.39003,0.13365,0.08141,0.02793,1.13726,1.88089,0.58915,2.47873,1.05956,9.33805e-05,3.11268e-05,9.33805e-05,3.11268e-05,9.33805e-05,3.11268e-05,9.33805e-05,3.11268e-05
274,687.618,0.70564,1.81549,0.5813,0.69502,0.86547,0.62269,0.35746,0.34915,0.23773,0.36326,0.11937,0.07889,0.02841,1.13302,1.8818,0.58818,2.49861,1.05909,8.89639e-05,2.96546e-05,8.89639e-05,2.96546e-05,8.89639e-05,2.96546e-05,8.89639e-05,2.96546e-05
275,689.913,0.6673,1.55063,0.5798,0.57761,0.84994,0.62447,0.35746,0.35229,0.239,0.35766,0.11937,0.07889,0.0247,1.1372,1.88033,0.58846,2.49242,1.05793,8.47036e-05,2.82345e-05,8.47036e-05,2.82345e-05,8.47036e-05,2.82345e-05,8.47036e-05,2.82345e-05
276,692.504,0.6573,1.69244,0.57035,0.58912,0.87807,0.62128,0.34688,0.35478,0.24183,0.38172,0.13365,0.08351,0.027,1.13008,1.88115,0.58774,2.4992,1.05796,8.06001e-05,2.68667e-05,8.06001e-05,2.68667e-05,8.06001e-05,2.68667e-05,8.06001e-05,2.68667e-05
277,694.787,0.7293,1.71903,0.56908,0.62171,0.84213,0.62037,0.3463,0.35506,0.24172,0.37043,0.11937,0.07814,0.02568,1.13232,1.88007,0.58695,2.50603,1.05715,7.6654e-05,2.55513e-05,7.6654e-05,2.55513e-05,7.6654e-05,2.55513e-05,7.6654e-05,2.55513e-05
278,697.317,0.64111,1.80143,0.55221,0.63985,0.87863,0.62247,0.3514,0.3526,0.24117,0.37911,0.11899,0.07802,0.02561,1.12854,1.87914,0.58756,2.4894,1.05439,7.28656e-05,2.42885e-05,7.28656e-05,2.42885e-05,7.28656e-05,2.42885e-05,7.28656e-05,2.42885e-05
279,699.678,0.65405,1.83747,0.54764,0.59094,0.84622,0.36163,0.38106,0.35361,0.24196,0.37503,0.11937,0.08023,0.02725,1.12895,1.87761,0.58775,2.49866,1.05597,6.92353e-05,2.30784e-05,6.92353e-05,2.30784e-05,6.92353e-05,2.30784e-05,6.92353e-05,2.30784e-05
280,702.157,0.64118,1.6847,0.58157,0.62106,0.85869,0.62605,0.35028,0.35403,0.23952,0.37622,0.11937,0.08274,0.0273,1.12949,1.87882,0.58756,2.49871,1.05671,6.57636e-05,2.19212e-05,6.57636e-05,2.19212e-05,6.57636e-05,2.19212e-05,6.57636e-05,2.19212e-05
281,704.413,0.64471,1.48406,0.56904,0.57624,0.86675,0.623,0.34778,0.35412,0.24101,0.37358,0.11937,0.08313,0.02848,1.13041,1.87774,0.58735,2.49862,1.05763,6.24508e-05,2.08169e-05,6.24508e-05,2.08169e-05,6.24508e-05,2.08169e-05,6.24508e-05,2.08169e-05
282,706.905,0.68144,1.77354,0.58891,0.60208,0.86616,0.6177,0.34248,0.35232,0.23921,0.36779,0.11571,0.0828,0.02842,1.12721,1.88,0.58787,2.50694,1.05657,5.92973e-05,1.97658e-05,5.92973e-05,1.97658e-05,5.92973e-05,1.97658e-05,5.92973e-05,1.97658e-05
283,709.174,0.74159,1.78781,0.5786,0.63244,0.8852,0.61629,0.3442,0.35377,0.23953,0.36336,0.11469,0.08305,0.02811,1.12477,1.87893,0.58816,2.49808,1.05745,5.63034e-05,1.87678e-05,5.63034e-05,1.87678e-05,5.63034e-05,1.87678e-05,5.63034e-05,1.87678e-05
284,711.672,0.6568,1.52035,0.56177,0.59704,0.85322,0.61641,0.3474,0.35411,0.24145,0.36175,0.11374,0.08423,0.03014,1.12131,1.8821,0.58756,2.51063,1.05457,5.34695e-05,1.78232e-05,5.34695e-05,1.78232e-05,5.34695e-05,1.78232e-05,5.34695e-05,1.78232e-05
285,713.988,0.64456,1.63593,0.56479,0.57137,0.86761,0.35959,0.38302,0.35532,0.24419,0.35974,0.11247,0.08384,0.03058,1.1224,1.88117,0.58761,2.51053,1.05536,5.07959e-05,1.6932e-05,5.07959e-05,1.6932e-05,5.07959e-05,1.6932e-05,5.07959e-05,1.6932e-05
286,716.548,0.69506,1.54459,0.54605,0.60098,0.90199,0.61298,0.34466,0.35592,0.24394,0.35727,0.11134,0.08408,0.0287,1.1213,1.87737,0.58796,2.51037,1.05831,4.82828e-05,1.60943e-05,4.82828e-05,1.60943e-05,4.82828e-05,1.60943e-05,4.82828e-05,1.60943e-05
287,718.894,0.68546,1.65785,0.53883,0.61435,0.86804,0.62448,0.3407,0.35543,0.24535,0.36798,0.10393,0.0844,0.03062,1.12288,1.87737,0.5886,2.50331,1.05788,4.59306e-05,1.53102e-05,4.59306e-05,1.53102e-05,4.59306e-05,1.53102e-05,4.59306e-05,1.53102e-05
288,721.414,0.70892,1.83328,0.57034,0.67309,0.85392,0.62331,0.34317,0.35538,0.24692,0.36861,0.1041,0.08441,0.02869,1.12404,1.87596,0.58964,2.50752,1.05924,4.37395e-05,1.45798e-05,4.37395e-05,1.45798e-05,4.37395e-05,1.45798e-05,4.37395e-05,1.45798e-05
289,723.656,0.66604,1.69035,0.58031,0.62599,0.86393,0.62079,0.34317,0.35544,0.24478,0.36871,0.10405,0.0844,0.02869,1.12879,1.87715,0.58922,2.50973,1.06082,4.17097e-05,1.39032e-05,4.17097e-05,1.39032e-05,4.17097e-05,1.39032e-05,4.17097e-05,1.39032e-05
290,726.173,0.64834,1.45199,0.54067,0.57354,0.85657,0.62583,0.33824,0.35264,0.24416,0.37042,0.10438,0.0797,0.02866,1.1314,1.87889,0.58824,2.49131,1.06059,3.98414e-05,1.32805e-05,3.98414e-05,1.32805e-05,3.98414e-05,1.32805e-05,3.98414e-05,1.32805e-05
291,769.074,0.68308,1.53458,0.53083,0.65663,0.85443,0.62082,0.33681,0.35351,0.24603,0.34831,0.11579,0.07649,0.02634,1.13518,1.88783,0.59058,2.45941,1.06123,3.8135e-05,1.27117e-05,3.8135e-05,1.27117e-05,3.8135e-05,1.27117e-05,3.8135e-05,1.27117e-05
292,771.847,0.66665,1.5676,0.52823,0.59199,0.86184,0.5513,0.38603,0.35787,0.24247,0.36673,0.13365,0.07565,0.02284,1.1548,1.89494,0.59048,2.44864,1.0701,3.65905e-05,1.21968e-05,3.65905e-05,1.21968e-05,3.65905e-05,1.21968e-05,3.65905e-05,1.21968e-05
293,774.212,0.72474,2.06801,0.532,0.63249,0.8369,0.37128,0.42149,0.35654,0.23852,0.38279,0.13365,0.07541,0.02462,1.16791,1.90236,0.58991,2.42479,1.08152,3.52081e-05,1.1736e-05,3.52081e-05,1.1736e-05,3.52081e-05,1.1736e-05,3.52081e-05,1.1736e-05
294,776.721,0.75535,1.6601,0.54077,0.74537,0.83286,0.61151,0.35597,0.36642,0.2412,0.386,0.13365,0.08121,0.02477,1.18221,1.91297,0.59031,2.40189,1.08826,3.3988e-05,1.13293e-05,3.3988e-05,1.13293e-05,3.3988e-05,1.13293e-05,3.3988e-05,1.13293e-05
295,779.252,0.64231,1.76742,0.50691,0.60222,0.8377,0.35631,0.42002,0.35567,0.23775,0.39863,0.13365,0.07537,0.02342,1.18385,1.91668,0.58975,2.39552,1.08889,3.29303e-05,1.09768e-05,3.29303e-05,1.09768e-05,3.29303e-05,1.09768e-05,3.29303e-05,1.09768e-05
296,781.841,0.666,1.75127,0.51275,0.65678,0.86924,0.35956,0.41606,0.35475,0.24026,0.41851,0.13365,0.0775,0.02724,1.18018,1.92305,0.58998,2.40245,1.09021,3.20351e-05,1.06784e-05,3.20351e-05,1.06784e-05,3.20351e-05,1.06784e-05,3.20351e-05,1.06784e-05
297,784.094,0.68337,1.81697,0.53097,0.77399,0.86145,0.3548,0.41261,0.35716,0.23817,0.32292,0.10664,0.06409,0.0223,1.18032,1.92275,0.59006,2.39935,1.08997,3.13026e-05,1.04342e-05,3.13026e-05,1.04342e-05,3.13026e-05,1.04342e-05,3.13026e-05,1.04342e-05
298,786.545,0.79689,1.90432,0.54029,0.7944,0.88626,0.3758,0.35404,0.34996,0.23337,0.33552,0.10794,0.06422,0.02221,1.17593,1.93092,0.59148,2.40331,1.09015,3.07328e-05,1.02443e-05,3.07328e-05,1.02443e-05,3.07328e-05,1.02443e-05,3.07328e-05,1.02443e-05
299,788.8,0.67252,1.79268,0.53357,0.65869,0.84788,0.37034,0.35649,0.34678,0.23485,0.40915,0.14794,0.07962,0.02716,1.1791,1.93367,0.59104,2.40149,1.08941,3.03257e-05,1.01086e-05,3.03257e-05,1.01086e-05,3.03257e-05,1.01086e-05,3.03257e-05,1.01086e-05
300,791.349,0.66731,1.61223,0.52614,0.60789,0.81826,0.36182,0.36051,0.34252,0.23403,0.41502,0.14794,0.0839,0.02996,1.18199,1.92828,0.59074,2.40818,1.09437,3.00814e-05,1.00271e-05,3.00814e-05,1.00271e-05,3.00814e-05,1.00271e-05,3.00814e-05,1.00271e-05
