series,name,epochs_observed,mask_ap,mask_ap50,peak_epoch,path,yaml_candidates
A_baselines,001_1_yolov8-seg_adamw,300,0.61675,0.79269,277.0,E:\mastercode\1_SEVER\results\A_baselines\old_data_runs\001_1_yolov8-seg_adamw\results.csv,E:\mastercode\1_SEVER\code\ultralytics-main-new\0_orange_yaml\A_baselines\legacy\001_1_yolov8-seg.yaml
A_baselines,001_2_yolov9c-seg_adamw,300,0.68173,0.8373,222.0,E:\mastercode\1_SEVER\results\A_baselines\old_data_runs\001_2_yolov9c-seg_adamw\results.csv,E:\mastercode\1_SEVER\code\ultralytics-main-new\0_orange_yaml\A_baselines\legacy\001_2_yolov9c-seg.yaml
A_baselines,001_3_yolo11-seg_adamw,300,0.62076,0.78635,252.0,E:\mastercode\1_SEVER\results\A_baselines\old_data_runs\001_3_yolo11-seg_adamw\results.csv,E:\mastercode\1_SEVER\code\ultralytics-main-new\0_orange_yaml\A_baselines\legacy\001_3_yolo11-seg.yaml
A_baselines,001_4_yolo12-seg_adamw,300,0.61466,0.78975,250.0,E:\mastercode\1_SEVER\results\A_baselines\old_data_runs\001_4_yolo12-seg_adamw\results.csv,E:\mastercode\1_SEVER\code\ultralytics-main-new\0_orange_yaml\A_baselines\legacy\001_4_yolo12-seg.yaml
A_baselines,001_5_yolo26-seg_adamw,300,0.5964,0.76301,282.0,E:\mastercode\1_SEVER\results\A_baselines\old_data_runs\001_5_yolo26-seg_adamw\results.csv,E:\mastercode\1_SEVER\code\ultralytics-main-new\0_orange_yaml\A_baselines\legacy\001_5_yolo26-seg.yaml
A_baselines,002_1_yolo11-starnet_s1,300,0.59781,0.772,290.0,E:\mastercode\1_SEVER\results\A_baselines\old_data_runs\002_1_yolo11-starnet_s1\results.csv,E:\mastercode\1_SEVER\code\ultralytics-main-new\0_orange_yaml\A_baselines\current\002_yolo11-seg-starnet-official-s1.yaml | E:\mastercode\1_SEVER\code\ultralytics-main-new\0_orange_yaml\A_baselines\legacy\002_yolo11-seg-starnet-official-s1.yaml
A_baselines,002_2_yolo11-starnet_s2,300,0.59489,0.76186,258.0,E:\mastercode\1_SEVER\results\A_baselines\old_data_runs\002_2_yolo11-starnet_s2\results.csv,E:\mastercode\1_SEVER\code\ultralytics-main-new\0_orange_yaml\A_baselines\current\002_yolo11-seg-starnet-official-s2.yaml | E:\mastercode\1_SEVER\code\ultralytics-main-new\0_orange_yaml\A_baselines\legacy\002_yolo11-seg-starnet-official-s2.yaml
A_baselines,003_1_yolo11-mobilenetv4,300,0.58844,0.758,227.0,E:\mastercode\1_SEVER\results\A_baselines\old_data_runs\003_1_yolo11-mobilenetv4\results.csv,E:\mastercode\1_SEVER\code\ultralytics-main-new\0_orange_yaml\A_baselines\current\003_yolo11-seg-mobilenetv4.yaml | E:\mastercode\1_SEVER\code\ultralytics-main-new\0_orange_yaml\A_baselines\legacy\003_yolo11-seg-mobilenetv4.yaml
A_baselines,004_1_yolo11-mano(attn),300,0.61488,0.78802,245.0,E:\mastercode\1_SEVER\results\A_baselines\old_data_runs\004_1_yolo11-mano(attn)\results.csv,E:\mastercode\1_SEVER\code\ultralytics-main-new\0_orange_yaml\A_baselines\current\004_yolo11-seg-mano.yaml | E:\mastercode\1_SEVER\code\ultralytics-main-new\0_orange_yaml\A_baselines\legacy\004_yolo11-seg-mano.yaml
B_series,B09_recall_balanced,300,0.61361,0.79278,258.0,E:\mastercode\1_SEVER\results\B_series\B09_recall_balanced\results.csv,E:\mastercode\1_SEVER\code\ultralytics-main-new\0_orange_yaml\B_series\09_b09_recall_balanced_final.yaml
B_series,B00_reference,287,0.61396,0.7828,187.0,E:\mastercode\1_SEVER\results\B_series\CITRUS_B_V2_SCREEN_50EP\B00_reference\results.csv,E:\mastercode\1_SEVER\code\ultralytics-main-new\0_orange_yaml\B_series\00_b00_yolo11n_reference.yaml
B_series,B01_lite_head,300,0.61643,0.79289,263.0,E:\mastercode\1_SEVER\results\B_series\CITRUS_B_V2_SCREEN_50EP\B01_lite_head\results.csv,E:\mastercode\1_SEVER\code\ultralytics-main-new\0_orange_yaml\B_series\01_b01_lite_head_reference.yaml
B_series,B02_context_lite,300,0.6148,0.78835,183.0,E:\mastercode\1_SEVER\results\B_series\CITRUS_B_V2_SCREEN_50EP\B02_context_lite\results.csv,E:\mastercode\1_SEVER\code\ultralytics-main-new\0_orange_yaml\B_series\02_b02_repcontext_lite.yaml
B_series,B03_scale_lite,300,0.61235,0.78663,258.0,E:\mastercode\1_SEVER\results\B_series\CITRUS_B_V2_SCREEN_50EP\B03_scale_lite\results.csv,E:\mastercode\1_SEVER\code\ultralytics-main-new\0_orange_yaml\B_series\03_b03_scalefusion_lite.yaml
B_series,B04_topology_lite,300,0.61361,0.78276,258.0,E:\mastercode\1_SEVER\results\B_series\CITRUS_B_V2_SCREEN_50EP\B04_topology_lite\results.csv,E:\mastercode\1_SEVER\code\ultralytics-main-new\0_orange_yaml\B_series\04_b04_topology_lite.yaml
B_series,B05_context_scale,300,0.61153,0.78572,258.0,E:\mastercode\1_SEVER\results\B_series\CITRUS_B_V2_SCREEN_50EP\B05_context_scale\results.csv,E:\mastercode\1_SEVER\code\ultralytics-main-new\0_orange_yaml\B_series\05_b05_context_scale_lite.yaml
B_series,B06_context_topology,255,0.61862,0.80182,155.0,E:\mastercode\1_SEVER\results\B_series\CITRUS_B_V2_SCREEN_50EP\B06_context_topology\results.csv,E:\mastercode\1_SEVER\code\ultralytics-main-new\0_orange_yaml\B_series\06_b06_context_topology_lite.yaml
B_series,B07_scale_topology,300,0.6101,0.78609,155.0,E:\mastercode\1_SEVER\results\B_series\CITRUS_B_V2_SCREEN_50EP\B07_scale_topology\results.csv,E:\mastercode\1_SEVER\code\ultralytics-main-new\0_orange_yaml\B_series\07_b07_scale_topology_lite.yaml
B_series,B08_full_factorial,300,0.60755,0.78221,148.0,E:\mastercode\1_SEVER\results\B_series\CITRUS_B_V2_SCREEN_50EP\B08_full_factorial\results.csv,E:\mastercode\1_SEVER\code\ultralytics-main-new\0_orange_yaml\B_series\08_b08_full_factorial.yaml
B_series,B09_recall_balanced,58,0.59196,0.77694,55.0,E:\mastercode\1_SEVER\results\B_series\CITRUS_B_V2_SCREEN_50EP\B09_recall_balanced\results.csv,E:\mastercode\1_SEVER\code\ultralytics-main-new\0_orange_yaml\B_series\09_b09_recall_balanced_final.yaml
Best_models_showcase_20260901,G00_official_baseline,300,0.67031,0.8325,87.0,E:\mastercode\1_SEVER\results\Best_models_showcase_20260901\01_current_pareto\G00_official_baseline\results.csv,E:\mastercode\1_SEVER\code\ultralytics-main-new\0_orange_yaml\G_0830_series\00_g00_official_control.yaml
Best_models_showcase_20260901,T04_accuracy_champion,195,0.67367,0.82957,95.0,E:\mastercode\1_SEVER\results\Best_models_showcase_20260901\01_current_pareto\T04_accuracy_champion\results.csv,E:\mastercode\1_SEVER\code\ultralytics-main-new\0_orange_yaml\T_series\04_t04_l06_lska_topology.yaml
Best_models_showcase_20260901,T05_lightweight_candidate,285,0.66526,0.8207,185.0,E:\mastercode\1_SEVER\results\Best_models_showcase_20260901\01_current_pareto\T05_lightweight_candidate\results.csv,E:\mastercode\1_SEVER\code\ultralytics-main-new\0_orange_yaml\T_series\05_t05_s04_lite_head.yaml
Best_models_showcase_20260901,G02_bilateral_backbone,300,0.67241,0.82051,86.0,E:\mastercode\1_SEVER\results\Best_models_showcase_20260901\02_current_ablation\G02_bilateral_backbone\results.csv,E:\mastercode\1_SEVER\code\ultralytics-main-new\0_orange_yaml\G_0830_series\02_g02_bilateral_backbone.yaml
Best_models_showcase_20260901,T02_g10_retest,240,0.67115,0.83319,140.0,E:\mastercode\1_SEVER\results\Best_models_showcase_20260901\02_current_ablation\T02_g10_retest\results.csv,E:\mastercode\1_SEVER\code\ultralytics-main-new\0_orange_yaml\T_series\02_t02_g10_hybrid.yaml
Best_models_showcase_20260901,T03_moce_lska_retest,186,0.67178,0.83106,86.0,E:\mastercode\1_SEVER\results\Best_models_showcase_20260901\02_current_ablation\T03_moce_lska_retest\results.csv,E:\mastercode\1_SEVER\code\ultralytics-main-new\0_orange_yaml\T_series\03_t03_n02_moce_lska.yaml
Best_models_showcase_20260901,T08_shape_semantic,297,0.6714,0.82358,146.0,E:\mastercode\1_SEVER\results\Best_models_showcase_20260901\02_current_ablation\T08_shape_semantic\results.csv,E:\mastercode\1_SEVER\code\ultralytics-main-new\0_orange_yaml\T_series\08_t08_d06_shape_semantic_full.yaml
Best_models_showcase_20260901,F14_sppf_lska,300,0.67599,0.82868,196.0,E:\mastercode\1_SEVER\results\Best_models_showcase_20260901\03_historical_reference\F14_sppf_lska\results.csv,E:\mastercode\1_SEVER\code\ultralytics-main-new\0_orange_yaml\F_series\F14_yolo11-seg-sppf-lska.yaml
Best_models_showcase_20260901,F57_hco,256,0.67373,0.83684,156.0,E:\mastercode\1_SEVER\results\Best_models_showcase_20260901\03_historical_reference\F57_hco\results.csv,E:\mastercode\1_SEVER\code\ultralytics-main-new\0_orange_yaml\F_series\F57_yolo11-seg-hco.yaml
Best_models_showcase_20260901,G10_hybrid,300,0.67681,0.83824,208.0,E:\mastercode\1_SEVER\results\Best_models_showcase_20260901\03_historical_reference\G10_hybrid\results.csv,E:\mastercode\1_SEVER\code\ultralytics-main-new\0_orange_yaml\G_series\10_yolo11n-seg-hybrid-lska-carafe-bifpn-p2b.yaml
Best_models_showcase_20260901,N02_moce_lska,300,0.67341,0.82642,179.0,E:\mastercode\1_SEVER\results\Best_models_showcase_20260901\03_historical_reference\N02_moce_lska\results.csv,E:\mastercode\1_SEVER\code\ultralytics-main-new\0_orange_yaml\N_series\02_moce_lska_carafe_p2b.yaml
Best_models_showcase_20260901,YOLOv9c_absolute_score,300,0.68173,0.8373,222.0,E:\mastercode\1_SEVER\results\Best_models_showcase_20260901\03_historical_reference\YOLOv9c_absolute_score\results.csv,E:\mastercode\1_SEVER\code\ultralytics-main-new\0_orange_yaml\A_baselines\legacy\001_2_yolov9c-seg.yaml
Best_models_showcase_20260901,B06_context_topology_lite,255,0.61862,0.80182,155.0,E:\mastercode\1_SEVER\results\Best_models_showcase_20260901\04_grouped_clean_signals\B06_context_topology_lite\results.csv,E:\mastercode\1_SEVER\code\ultralytics-main-new\0_orange_yaml\B_series\06_b06_context_topology_lite.yaml
Best_models_showcase_20260901,S04_lite_head,300,0.61501,0.78993,258.0,E:\mastercode\1_SEVER\results\Best_models_showcase_20260901\04_grouped_clean_signals\S04_lite_head\results.csv,E:\mastercode\1_SEVER\code\ultralytics-main-new\0_orange_yaml\S_series\04_lite_head.yaml
F_series,F01_yolo11-seg-p2_300ep,1,0.0,0.0,1.0,E:\mastercode\1_SEVER\results\F_series\old_data_300ep\F01_yolo11-seg-p2_300ep\results.csv,E:\mastercode\1_SEVER\code\ultralytics-main-new\0_orange_yaml\F_series\F01_yolo11-seg-p2.yaml
F_series,F02_yolo11-seg-p2-spd_300ep,1,0.0,0.0,1.0,E:\mastercode\1_SEVER\results\F_series\old_data_300ep\F02_yolo11-seg-p2-spd_300ep\results.csv,E:\mastercode\1_SEVER\code\ultralytics-main-new\0_orange_yaml\F_series\F02_yolo11-seg-p2-spd.yaml
F_series,F03_yolo11-seg-spdconv_300ep,300,0.66309,0.81844,269.0,E:\mastercode\1_SEVER\results\F_series\old_data_300ep\F03_yolo11-seg-spdconv_300ep\results.csv,E:\mastercode\1_SEVER\code\ultralytics-main-new\0_orange_yaml\F_series\F03_yolo11-seg-spdconv.yaml
F_series,F04_yolo11-seg-hwd_300ep,300,0.66515,0.82348,207.0,E:\mastercode\1_SEVER\results\F_series\old_data_300ep\F04_yolo11-seg-hwd_300ep\results.csv,E:\mastercode\1_SEVER\code\ultralytics-main-new\0_orange_yaml\F_series\F04_yolo11-seg-hwd.yaml
F_series,F05_yolo11-seg-c3k2faster_300ep,300,0.66906,0.82791,253.0,E:\mastercode\1_SEVER\results\F_series\old_data_300ep\F05_yolo11-seg-c3k2faster_300ep\results.csv,E:\mastercode\1_SEVER\code\ultralytics-main-new\0_orange_yaml\F_series\F05_yolo11-seg-c3k2faster.yaml
F_series,F06_yolo11-seg-c3k2wt_300ep,300,0.66788,0.82558,220.0,E:\mastercode\1_SEVER\results\F_series\old_data_300ep\F06_yolo11-seg-c3k2wt_300ep\results.csv,E:\mastercode\1_SEVER\code\ultralytics-main-new\0_orange_yaml\F_series\F06_yolo11-seg-c3k2wt.yaml
F_series,F07_yolo11-seg-c3k2dwr_300ep,300,0.6602,0.82102,276.0,E:\mastercode\1_SEVER\results\F_series\old_data_300ep\F07_yolo11-seg-c3k2dwr_300ep\results.csv,E:\mastercode\1_SEVER\code\ultralytics-main-new\0_orange_yaml\F_series\F07_yolo11-seg-c3k2dwr.yaml
F_series,F08_yolo11-seg-ema_300ep,300,0.65949,0.81754,220.0,E:\mastercode\1_SEVER\results\F_series\old_data_300ep\F08_yolo11-seg-ema_300ep\results.csv,E:\mastercode\1_SEVER\code\ultralytics-main-new\0_orange_yaml\F_series\F08_yolo11-seg-ema.yaml
F_series,F09_yolo11-seg-simam_300ep,300,0.66221,0.82655,212.0,E:\mastercode\1_SEVER\results\F_series\old_data_300ep\F09_yolo11-seg-simam_300ep\results.csv,E:\mastercode\1_SEVER\code\ultralytics-main-new\0_orange_yaml\F_series\F09_yolo11-seg-simam.yaml
F_series,F10_yolo11-seg-cbam_300ep,300,0.66313,0.82237,294.0,E:\mastercode\1_SEVER\results\F_series\old_data_300ep\F10_yolo11-seg-cbam_300ep\results.csv,E:\mastercode\1_SEVER\code\ultralytics-main-new\0_orange_yaml\F_series\F10_yolo11-seg-cbam.yaml
F_series,F11_yolo11-seg-coordatt_300ep,300,0.66903,0.83088,217.0,E:\mastercode\1_SEVER\results\F_series\old_data_300ep\F11_yolo11-seg-coordatt_300ep\results.csv,E:\mastercode\1_SEVER\code\ultralytics-main-new\0_orange_yaml\F_series\F11_yolo11-seg-coordatt.yaml
F_series,F12_yolo11-seg-ela_300ep,300,0.66195,0.82195,255.0,E:\mastercode\1_SEVER\results\F_series\old_data_300ep\F12_yolo11-seg-ela_300ep\results.csv,E:\mastercode\1_SEVER\code\ultralytics-main-new\0_orange_yaml\F_series\F12_yolo11-seg-ela.yaml
F_series,F13_yolo11-seg-caa_300ep,300,0.6618,0.82343,255.0,E:\mastercode\1_SEVER\results\F_series\old_data_300ep\F13_yolo11-seg-caa_300ep\results.csv,E:\mastercode\1_SEVER\code\ultralytics-main-new\0_orange_yaml\F_series\F13_yolo11-seg-caa.yaml
F_series,F14_yolo11-seg-sppf-lska_300ep,300,0.67599,0.82868,196.0,E:\mastercode\1_SEVER\results\F_series\old_data_300ep\F14_yolo11-seg-sppf-lska_300ep\results.csv,E:\mastercode\1_SEVER\code\ultralytics-main-new\0_orange_yaml\F_series\F14_yolo11-seg-sppf-lska.yaml
F_series,F15_yolo11-seg-rfb_300ep,300,0.67018,0.82338,224.0,E:\mastercode\1_SEVER\results\F_series\old_data_300ep\F15_yolo11-seg-rfb_300ep\results.csv,E:\mastercode\1_SEVER\code\ultralytics-main-new\0_orange_yaml\F_series\F15_yolo11-seg-rfb.yaml
F_series,F16_yolo11-seg-bifpn_300ep,293,0.66821,0.83107,173.0,E:\mastercode\1_SEVER\results\F_series\old_data_300ep\F16_yolo11-seg-bifpn_300ep\results.csv,E:\mastercode\1_SEVER\code\ultralytics-main-new\0_orange_yaml\F_series\F16_yolo11-seg-bifpn.yaml
F_series,F17_yolo11-seg-carafe_300ep,300,0.6717,0.8261,240.0,E:\mastercode\1_SEVER\results\F_series\old_data_300ep\F17_yolo11-seg-carafe_300ep\results.csv,E:\mastercode\1_SEVER\code\ultralytics-main-new\0_orange_yaml\F_series\F17_yolo11-seg-carafe.yaml
F_series,F19_yolo11-seg-dfem_300ep,300,0.65739,0.81683,260.0,E:\mastercode\1_SEVER\results\F_series\old_data_300ep\F19_yolo11-seg-dfem_300ep\results.csv,E:\mastercode\1_SEVER\code\ultralytics-main-new\0_orange_yaml\F_series\F19_yolo11-seg-dfem.yaml
F_series,F20_yolo11-seg-dfem-p2p3_300ep,300,0.65199,0.82475,261.0,E:\mastercode\1_SEVER\results\F_series\old_data_300ep\F20_yolo11-seg-dfem-p2p3_300ep\results.csv,E:\mastercode\1_SEVER\code\ultralytics-main-new\0_orange_yaml\F_series\F20_yolo11-seg-dfem-p2p3.yaml
F_series,F21_yolo11-seg-liam_300ep,300,0.66247,0.81866,248.0,E:\mastercode\1_SEVER\results\F_series\old_data_300ep\F21_yolo11-seg-liam_300ep\results.csv,E:\mastercode\1_SEVER\code\ultralytics-main-new\0_orange_yaml\F_series\F21_yolo11-seg-liam.yaml
F_series,F22_yolo11-seg-csfg_300ep,265,0.66163,0.82855,160.0,E:\mastercode\1_SEVER\results\F_series\old_data_300ep\F22_yolo11-seg-csfg_300ep\results.csv,E:\mastercode\1_SEVER\code\ultralytics-main-new\0_orange_yaml\F_series\F22_yolo11-seg-csfg.yaml
F_series,F23_yolo11-seg-hvi-dfem_300ep,300,0.62013,0.79116,251.0,E:\mastercode\1_SEVER\results\F_series\old_data_300ep\F23_yolo11-seg-hvi-dfem_300ep\results.csv,E:\mastercode\1_SEVER\code\ultralytics-main-new\0_orange_yaml\F_series\F23_yolo11-seg-hvi-dfem.yaml
F_series,F25_yolo11-seg-spd-ema_300ep,300,0.64879,0.81409,231.0,E:\mastercode\1_SEVER\results\F_series\old_data_300ep\F25_yolo11-seg-spd-ema_300ep\results.csv,E:\mastercode\1_SEVER\code\ultralytics-main-new\0_orange_yaml\F_series\F25_yolo11-seg-spd-ema.yaml
F_series,F26_yolo11-seg-dfem-liam_300ep,300,0.65874,0.82443,249.0,E:\mastercode\1_SEVER\results\F_series\old_data_300ep\F26_yolo11-seg-dfem-liam_300ep\results.csv,E:\mastercode\1_SEVER\code\ultralytics-main-new\0_orange_yaml\F_series\F26_yolo11-seg-dfem-liam.yaml
F_series,F28_yolo11-seg-dfem-spd_300ep,300,0.64739,0.81318,261.0,E:\mastercode\1_SEVER\results\F_series\old_data_300ep\F28_yolo11-seg-dfem-spd_300ep\results.csv,E:\mastercode\1_SEVER\code\ultralytics-main-new\0_orange_yaml\F_series\F28_yolo11-seg-dfem-spd.yaml
F_series,F36_yolo11-seg-ours-no-dysample_300ep,300,0.64347,0.80862,294.0,E:\mastercode\1_SEVER\results\F_series\old_data_300ep\F36_yolo11-seg-ours-no-dysample_300ep\results.csv,E:\mastercode\1_SEVER\code\ultralytics-main-new\0_orange_yaml\F_series\F36_yolo11-seg-ours-no-dysample.yaml
F_series,F40_yolo11-seg-hrstream_300ep,300,0.66154,0.82743,278.0,E:\mastercode\1_SEVER\results\F_series\old_data_300ep\F40_yolo11-seg-hrstream_300ep\results.csv,E:\mastercode\1_SEVER\code\ultralytics-main-new\0_orange_yaml\F_series\F40_yolo11-seg-hrstream.yaml
F_series,F41_yolo11-seg-freqdetail-pan_300ep,300,0.65951,0.82411,211.0,E:\mastercode\1_SEVER\results\F_series\old_data_300ep\F41_yolo11-seg-freqdetail-pan_300ep\results.csv,E:\mastercode\1_SEVER\code\ultralytics-main-new\0_orange_yaml\F_series\F41_yolo11-seg-freqdetail-pan.yaml
F_series,F43_yolo11-seg-citrusfar-v2_300ep,300,0.6582,0.82809,263.0,E:\mastercode\1_SEVER\results\F_series\old_data_300ep\F43_yolo11-seg-citrusfar-v2_300ep\results.csv,E:\mastercode\1_SEVER\code\ultralytics-main-new\0_orange_yaml\F_series\F43_yolo11-seg-citrusfar-v2.yaml
F_series,F44_yolo11-seg-citrusfar-edge_300ep,300,0.64515,0.81689,238.0,E:\mastercode\1_SEVER\results\F_series\old_data_300ep\F44_yolo11-seg-citrusfar-edge_300ep\results.csv,E:\mastercode\1_SEVER\code\ultralytics-main-new\0_orange_yaml\F_series\F44_yolo11-seg-citrusfar-edge.yaml
F_series,F45_yolo11-seg-citrusfar-edge-nano_300ep,300,0.638,0.81136,288.0,E:\mastercode\1_SEVER\results\F_series\old_data_300ep\F45_yolo11-seg-citrusfar-edge-nano_300ep\results.csv,E:\mastercode\1_SEVER\code\ultralytics-main-new\0_orange_yaml\F_series\F45_yolo11-seg-citrusfar-edge-nano.yaml
F_series,F46_yolo11-seg-farformer_300ep,300,0.6723,0.82669,221.0,E:\mastercode\1_SEVER\results\F_series\old_data_300ep\F46_yolo11-seg-farformer_300ep\results.csv,E:\mastercode\1_SEVER\code\ultralytics-main-new\0_orange_yaml\F_series\F46_yolo11-seg-farformer.yaml
F_series,F47_yolo11-seg-lumiformer_300ep,300,0.65516,0.82302,165.0,E:\mastercode\1_SEVER\results\F_series\old_data_300ep\F47_yolo11-seg-lumiformer_300ep\results.csv,E:\mastercode\1_SEVER\code\ultralytics-main-new\0_orange_yaml\F_series\F47_yolo11-seg-lumiformer.yaml
F_series,F48_yolo11-seg-citrusformer-net_300ep,300,0.65605,0.82611,243.0,E:\mastercode\1_SEVER\results\F_series\old_data_300ep\F48_yolo11-seg-citrusformer-net_300ep\results.csv,E:\mastercode\1_SEVER\code\ultralytics-main-new\0_orange_yaml\F_series\F48_yolo11-seg-citrusformer-net.yaml
F_series,F49_yolo11-seg-tdam_300ep,300,0.65103,0.81796,285.0,E:\mastercode\1_SEVER\results\F_series\old_data_300ep\F49_yolo11-seg-tdam_300ep\results.csv,E:\mastercode\1_SEVER\code\ultralytics-main-new\0_orange_yaml\F_series\F49_yolo11-seg-tdam.yaml
F_series,F51_yolo11-seg-lce-tdam_300ep,300,0.64087,0.81809,231.0,E:\mastercode\1_SEVER\results\F_series\old_data_300ep\F51_yolo11-seg-lce-tdam_300ep\results.csv,E:\mastercode\1_SEVER\code\ultralytics-main-new\0_orange_yaml\F_series\F51_yolo11-seg-lce-tdam.yaml
F_series,F52_yolo11-seg-citrusfar-edge-v2_300ep,300,0.64324,0.82137,291.0,E:\mastercode\1_SEVER\results\F_series\old_data_300ep\F52_yolo11-seg-citrusfar-edge-v2_300ep\results.csv,E:\mastercode\1_SEVER\code\ultralytics-main-new\0_orange_yaml\F_series\F52_yolo11-seg-citrusfar-edge-v2.yaml
F_series,F53_yolo11-seg-citrusformer-plus_300ep,300,0.60394,0.79634,230.0,E:\mastercode\1_SEVER\results\F_series\old_data_300ep\F53_yolo11-seg-citrusformer-plus_300ep\results.csv,E:\mastercode\1_SEVER\code\ultralytics-main-new\0_orange_yaml\F_series\F53_yolo11-seg-citrusformer-plus.yaml
F_series,F54_yolo11-seg-farformer-fla_300ep,296,0.67267,0.82906,196.0,E:\mastercode\1_SEVER\results\F_series\old_data_300ep\F54_yolo11-seg-farformer-fla_300ep\results.csv,E:\mastercode\1_SEVER\code\ultralytics-main-new\0_orange_yaml\F_series\F54_yolo11-seg-farformer-fla.yaml
F_series,F55_yolo11-seg-mwca_300ep,300,0.65911,0.82667,272.0,E:\mastercode\1_SEVER\results\F_series\old_data_300ep\F55_yolo11-seg-mwca_300ep\results.csv,E:\mastercode\1_SEVER\code\ultralytics-main-new\0_orange_yaml\F_series\F55_yolo11-seg-mwca.yaml
F_series,F56_yolo11-seg-freqsuite_300ep,300,0.63955,0.81153,231.0,E:\mastercode\1_SEVER\results\F_series\old_data_300ep\F56_yolo11-seg-freqsuite_300ep\results.csv,E:\mastercode\1_SEVER\code\ultralytics-main-new\0_orange_yaml\F_series\F56_yolo11-seg-freqsuite.yaml
F_series,F57_yolo11-seg-hco_300ep,256,0.67373,0.83684,156.0,E:\mastercode\1_SEVER\results\F_series\old_data_300ep\F57_yolo11-seg-hco_300ep\results.csv,E:\mastercode\1_SEVER\code\ultralytics-main-new\0_orange_yaml\F_series\F57_yolo11-seg-hco.yaml
F_series,F58_yolo11-seg-hyperace_300ep,300,0.67082,0.82851,234.0,E:\mastercode\1_SEVER\results\F_series\old_data_300ep\F58_yolo11-seg-hyperace_300ep\results.csv,E:\mastercode\1_SEVER\code\ultralytics-main-new\0_orange_yaml\F_series\F58_yolo11-seg-hyperace.yaml
F_series,F59_yolo11-seg-c3k2ls_300ep,300,0.66573,0.82793,168.0,E:\mastercode\1_SEVER\results\F_series\old_data_300ep\F59_yolo11-seg-c3k2ls_300ep\results.csv,E:\mastercode\1_SEVER\code\ultralytics-main-new\0_orange_yaml\F_series\F59_yolo11-seg-c3k2ls.yaml
F_series,F60_yolo11-seg-tgp_300ep,300,0.61415,0.78039,272.0,E:\mastercode\1_SEVER\results\F_series\old_data_300ep\F60_yolo11-seg-tgp_300ep\results.csv,E:\mastercode\1_SEVER\code\ultralytics-main-new\0_orange_yaml\F_series\F60_yolo11-seg-tgp.yaml
F_series,F61_yolo11-seg-tgp-tdam_300ep,300,0.63339,0.80394,241.0,E:\mastercode\1_SEVER\results\F_series\old_data_300ep\F61_yolo11-seg-tgp-tdam_300ep\results.csv,E:\mastercode\1_SEVER\code\ultralytics-main-new\0_orange_yaml\F_series\F61_yolo11-seg-tgp-tdam.yaml
F_series,F62_yolo11-seg-hsf_300ep,300,0.65316,0.82063,266.0,E:\mastercode\1_SEVER\results\F_series\old_data_300ep\F62_yolo11-seg-hsf_300ep\results.csv,E:\mastercode\1_SEVER\code\ultralytics-main-new\0_orange_yaml\F_series\F62_yolo11-seg-hsf.yaml
F_series,F63_yolo11-seg-c3k2sxq_300ep,300,0.6683,0.83021,185.0,E:\mastercode\1_SEVER\results\F_series\old_data_300ep\F63_yolo11-seg-c3k2sxq_300ep\results.csv,E:\mastercode\1_SEVER\code\ultralytics-main-new\0_orange_yaml\F_series\F63_yolo11-seg-c3k2sxq.yaml
F_series,F64_yolo11-seg-c3k2moce_300ep,285,0.67178,0.83229,156.0,E:\mastercode\1_SEVER\results\F_series\old_data_300ep\F64_yolo11-seg-c3k2moce_300ep\results.csv,E:\mastercode\1_SEVER\code\ultralytics-main-new\0_orange_yaml\F_series\F64_yolo11-seg-c3k2moce.yaml
F_series,F65_yolo11-seg-hyperres_300ep,300,0.67068,0.82581,278.0,E:\mastercode\1_SEVER\results\F_series\old_data_300ep\F65_yolo11-seg-hyperres_300ep\results.csv,E:\mastercode\1_SEVER\code\ultralytics-main-new\0_orange_yaml\F_series\F65_yolo11-seg-hyperres.yaml
G0830,G00_official_control,300,0.67031,0.8325,87.0,E:\mastercode\1_SEVER\results\G0830\G00_official_control\results.csv,E:\mastercode\1_SEVER\code\ultralytics-main-new\0_orange_yaml\G_0830_series\00_g00_official_control.yaml
G0830,G01_t04_anchor,300,0.66864,0.82541,54.0,E:\mastercode\1_SEVER\results\G0830\G01_t04_anchor\results.csv,E:\mastercode\1_SEVER\code\ultralytics-main-new\0_orange_yaml\G_0830_series\01_g01_t04_anchor.yaml
G0830,G02_bilateral_backbone,300,0.67241,0.82051,86.0,E:\mastercode\1_SEVER\results\G0830\G02_bilateral_backbone\results.csv,E:\mastercode\1_SEVER\code\ultralytics-main-new\0_orange_yaml\G_0830_series\02_g02_bilateral_backbone.yaml
G0830,G03_frequency_neck,300,0.65631,0.81385,56.0,E:\mastercode\1_SEVER\results\G0830\G03_frequency_neck\results.csv,E:\mastercode\1_SEVER\code\ultralytics-main-new\0_orange_yaml\G_0830_series\03_g03_frequency_neck.yaml
G0830,G04_deep_repmixer,300,0.66515,0.82282,86.0,E:\mastercode\1_SEVER\results\G0830\G04_deep_repmixer\results.csv,E:\mastercode\1_SEVER\code\ultralytics-main-new\0_orange_yaml\G_0830_series\04_g04_deep_repmixer.yaml
G_series,01_yolo11n-seg-lska-carafe-p2b_baseline_adamw_train_300ep_b16,300,0.67209,0.82004,234.0,E:\mastercode\1_SEVER\results\G_series\old_data_300ep\01_yolo11n-seg-lska-carafe-p2b_baseline_adamw_train_300ep_b16\results.csv,E:\mastercode\1_SEVER\code\ultralytics-main-new\0_orange_yaml\G_series\01_yolo11n-seg-lska-carafe-p2b.yaml
G_series,02_yolo11n-seg-faster-lska-carafe-p2b_baseline_adamw_train_300ep_b16,300,0.66973,0.82147,262.0,E:\mastercode\1_SEVER\results\G_series\old_data_300ep\02_yolo11n-seg-faster-lska-carafe-p2b_baseline_adamw_train_300ep_b16\results.csv,E:\mastercode\1_SEVER\code\ultralytics-main-new\0_orange_yaml\G_series\02_yolo11n-seg-faster-lska-carafe-p2b.yaml
G_series,03_yolo11n-seg-wt-lska-carafe-p2b_baseline_adamw_train_300ep_b16,300,0.66533,0.82046,232.0,E:\mastercode\1_SEVER\results\G_series\old_data_300ep\03_yolo11n-seg-wt-lska-carafe-p2b_baseline_adamw_train_300ep_b16\results.csv,E:\mastercode\1_SEVER\code\ultralytics-main-new\0_orange_yaml\G_series\03_yolo11n-seg-wt-lska-carafe-p2b.yaml
G_series,04_yolo11n-seg-faster-rfb-carafe-p2b_baseline_adamw_train_300ep_b16,300,0.67057,0.82005,231.0,E:\mastercode\1_SEVER\results\G_series\old_data_300ep\04_yolo11n-seg-faster-rfb-carafe-p2b_baseline_adamw_train_300ep_b16\results.csv,E:\mastercode\1_SEVER\code\ultralytics-main-new\0_orange_yaml\G_series\04_yolo11n-seg-faster-rfb-carafe-p2b.yaml
G_series,05_yolo11n-seg-faster-farformer-carafe-p2b_baseline_adamw_train_300ep_b16,300,0.66892,0.82251,193.0,E:\mastercode\1_SEVER\results\G_series\old_data_300ep\05_yolo11n-seg-faster-farformer-carafe-p2b_baseline_adamw_train_300ep_b16\results.csv,E:\mastercode\1_SEVER\code\ultralytics-main-new\0_orange_yaml\G_series\05_yolo11n-seg-faster-farformer-carafe-p2b.yaml
G_series,06_yolo11n-seg-faster-lska-bifpn-p2b_baseline_adamw_train_300ep_b16,300,0.66909,0.82714,252.0,E:\mastercode\1_SEVER\results\G_series\old_data_300ep\06_yolo11n-seg-faster-lska-bifpn-p2b_baseline_adamw_train_300ep_b16\results.csv,E:\mastercode\1_SEVER\code\ultralytics-main-new\0_orange_yaml\G_series\06_yolo11n-seg-faster-lska-bifpn-p2b.yaml
G_series,07_yolo11n-seg-wt-lska-bifpn-p2b_baseline_adamw_train_300ep_b16,300,0.67118,0.82916,182.0,E:\mastercode\1_SEVER\results\G_series\old_data_300ep\07_yolo11n-seg-wt-lska-bifpn-p2b_baseline_adamw_train_300ep_b16\results.csv,E:\mastercode\1_SEVER\code\ultralytics-main-new\0_orange_yaml\G_series\07_yolo11n-seg-wt-lska-bifpn-p2b.yaml
G_series,08_yolo11n-seg-faster-lska-carafe-bifpn-p2b_baseline_adamw_train_300ep_b16,300,0.67259,0.82638,156.0,E:\mastercode\1_SEVER\results\G_series\old_data_300ep\08_yolo11n-seg-faster-lska-carafe-bifpn-p2b_baseline_adamw_train_300ep_b16\results.csv,E:\mastercode\1_SEVER\code\ultralytics-main-new\0_orange_yaml\G_series\08_yolo11n-seg-faster-lska-carafe-bifpn-p2b.yaml
G_series,09_yolo11n-seg-hwd-faster-lska-carafe-p2b_baseline_adamw_train_300ep_b16,300,0.66255,0.82545,231.0,E:\mastercode\1_SEVER\results\G_series\old_data_300ep\09_yolo11n-seg-hwd-faster-lska-carafe-p2b_baseline_adamw_train_300ep_b16\results.csv,E:\mastercode\1_SEVER\code\ultralytics-main-new\0_orange_yaml\G_series\09_yolo11n-seg-hwd-faster-lska-carafe-p2b.yaml
G_series,10_yolo11n-seg-hybrid-lska-carafe-bifpn-p2b_baseline_adamw_train_300ep_b16,300,0.67681,0.83824,208.0,E:\mastercode\1_SEVER\results\G_series\old_data_300ep\10_yolo11n-seg-hybrid-lska-carafe-bifpn-p2b_baseline_adamw_train_300ep_b16\results.csv,E:\mastercode\1_SEVER\code\ultralytics-main-new\0_orange_yaml\G_series\10_yolo11n-seg-hybrid-lska-carafe-bifpn-p2b.yaml
G_series,10_yolo11n-seg-hybrid-lska-carafe-bifpn-p2b_full_adamw_train_300ep_b16,300,0.64033,0.81943,171.0,E:\mastercode\1_SEVER\results\G_series\old_data_300ep\10_yolo11n-seg-hybrid-lska-carafe-bifpn-p2b_full_adamw_train_300ep_b16\results.csv,E:\mastercode\1_SEVER\code\ultralytics-main-new\0_orange_yaml\G_series\10_yolo11n-seg-hybrid-lska-carafe-bifpn-p2b.yaml
N_series,20260821_01_hw_faster_lska_carafe_p2b_baseline_adamw_train_300ep_b16,300,0.66247,0.82496,250.0,E:\mastercode\1_SEVER\results\N_series\old_data_300ep\20260821_01_hw_faster_lska_carafe_p2b_baseline_adamw_train_300ep_b16\results.csv,E:\mastercode\1_SEVER\code\ultralytics-main-new\0_orange_yaml\N_series\01_hw_faster_lska_carafe_p2b.yaml
N_series,20260821_02_moce_lska_carafe_p2b_baseline_adamw_train_300ep_b16,300,0.67341,0.82642,179.0,E:\mastercode\1_SEVER\results\N_series\old_data_300ep\20260821_02_moce_lska_carafe_p2b_baseline_adamw_train_300ep_b16\results.csv,E:\mastercode\1_SEVER\code\ultralytics-main-new\0_orange_yaml\N_series\02_moce_lska_carafe_p2b.yaml
N_series,20260821_02_moce_lska_carafe_p2b_full_adamw_train_300ep_b16,300,0.65006,0.81771,293.0,E:\mastercode\1_SEVER\results\N_series\old_data_300ep\20260821_02_moce_lska_carafe_p2b_full_adamw_train_300ep_b16\results.csv,E:\mastercode\1_SEVER\code\ultralytics-main-new\0_orange_yaml\N_series\02_moce_lska_carafe_p2b.yaml
N_series,20260821_03_wt_rfb_bifpn_p2b_baseline_adamw_train_300ep_b16,300,0.66878,0.82342,156.0,E:\mastercode\1_SEVER\results\N_series\old_data_300ep\20260821_03_wt_rfb_bifpn_p2b_baseline_adamw_train_300ep_b16\results.csv,E:\mastercode\1_SEVER\code\ultralytics-main-new\0_orange_yaml\N_series\03_wt_rfb_bifpn_p2b.yaml
N_series,20260821_04_moce_hco_hsf_p2b_baseline_adamw_train_300ep_b16,300,0.64877,0.82075,209.0,E:\mastercode\1_SEVER\results\N_series\old_data_300ep\20260821_04_moce_hco_hsf_p2b_baseline_adamw_train_300ep_b16\results.csv,E:\mastercode\1_SEVER\code\ultralytics-main-new\0_orange_yaml\N_series\04_moce_hco_hsf_p2b.yaml
N_series,20260821_05_faster_farformer_carafe_p2b_baseline_adamw_train_300ep_b16,300,0.67081,0.82512,241.0,E:\mastercode\1_SEVER\results\N_series\old_data_300ep\20260821_05_faster_farformer_carafe_p2b_baseline_adamw_train_300ep_b16\results.csv,E:\mastercode\1_SEVER\code\ultralytics-main-new\0_orange_yaml\N_series\05_faster_farformer_carafe_p2b.yaml
N_series,20260821_06_faster_hyperace_bifpn_p2b_baseline_adamw_train_300ep_b16,300,0.66605,0.8265,193.0,E:\mastercode\1_SEVER\results\N_series\old_data_300ep\20260821_06_faster_hyperace_bifpn_p2b_baseline_adamw_train_300ep_b16\results.csv,E:\mastercode\1_SEVER\code\ultralytics-main-new\0_orange_yaml\N_series\06_faster_hyperace_bifpn_p2b.yaml
N_series,20260821_07_faster_hyperres_hsf_p2b_baseline_adamw_train_300ep_b16,300,0.6547,0.81815,233.0,E:\mastercode\1_SEVER\results\N_series\old_data_300ep\20260821_07_faster_hyperres_hsf_p2b_baseline_adamw_train_300ep_b16\results.csv,E:\mastercode\1_SEVER\code\ultralytics-main-new\0_orange_yaml\N_series\07_faster_hyperres_hsf_p2b.yaml
N_series,20260821_08_sxq_lska_carafe_p2b_baseline_adamw_train_300ep_b16,300,0.66387,0.82176,241.0,E:\mastercode\1_SEVER\results\N_series\old_data_300ep\20260821_08_sxq_lska_carafe_p2b_baseline_adamw_train_300ep_b16\results.csv,E:\mastercode\1_SEVER\code\ultralytics-main-new\0_orange_yaml\N_series\08_sxq_lska_carafe_p2b.yaml
N_series,20260821_09_hw_wt_lska_hsf_p2b_baseline_adamw_train_300ep_b16,300,0.64443,0.80837,231.0,E:\mastercode\1_SEVER\results\N_series\old_data_300ep\20260821_09_hw_wt_lska_hsf_p2b_baseline_adamw_train_300ep_b16\results.csv,E:\mastercode\1_SEVER\code\ultralytics-main-new\0_orange_yaml\N_series\09_hw_wt_lska_hsf_p2b.yaml
N_series,20260821_10_moce_hw_bifpn_edge_p2b_baseline_adamw_train_300ep_b16,300,0.64332,0.80893,262.0,E:\mastercode\1_SEVER\results\N_series\old_data_300ep\20260821_10_moce_hw_bifpn_edge_p2b_baseline_adamw_train_300ep_b16\results.csv,E:\mastercode\1_SEVER\code\ultralytics-main-new\0_orange_yaml\N_series\10_moce_hw_bifpn_edge_p2b.yaml
S_series,S00_reference,300,0.6074,0.78585,158.0,E:\mastercode\1_SEVER\results\S_series\grouped_clean_300ep\S00_reference\results.csv,E:\mastercode\1_SEVER\code\ultralytics-main-new\0_orange_yaml\S_series\00_reference.yaml
S_series,S01_repcontext,217,0.61244,0.7894,117.0,E:\mastercode\1_SEVER\results\S_series\grouped_clean_300ep\S01_repcontext\results.csv,E:\mastercode\1_SEVER\code\ultralytics-main-new\0_orange_yaml\S_series\01_repcontext_backbone.yaml
S_series,S02_lska,300,0.60736,0.77909,182.0,E:\mastercode\1_SEVER\results\S_series\grouped_clean_300ep\S02_lska\results.csv,E:\mastercode\1_SEVER\code\ultralytics-main-new\0_orange_yaml\S_series\02_lska_backbone.yaml
S_series,S03_train_aux,273,0.61153,0.78506,173.0,E:\mastercode\1_SEVER\results\S_series\grouped_clean_300ep\S03_train_aux\results.csv,E:\mastercode\1_SEVER\code\ultralytics-main-new\0_orange_yaml\S_series\03_train_aux_head.yaml
S_series,S04_lite_head,300,0.61501,0.78993,258.0,E:\mastercode\1_SEVER\results\S_series\grouped_clean_300ep\S04_lite_head\results.csv,E:\mastercode\1_SEVER\code\ultralytics-main-new\0_orange_yaml\S_series\04_lite_head.yaml
S_series,S05_fpn_only,300,0.60218,0.77189,294.0,E:\mastercode\1_SEVER\results\S_series\grouped_clean_300ep\S05_fpn_only\results.csv,E:\mastercode\1_SEVER\code\ultralytics-main-new\0_orange_yaml\S_series\05_fpn_only_neck.yaml
S_series,S06_asym_pan,300,0.61346,0.78355,165.0,E:\mastercode\1_SEVER\results\S_series\grouped_clean_300ep\S06_asym_pan\results.csv,E:\mastercode\1_SEVER\code\ultralytics-main-new\0_orange_yaml\S_series\06_asym_pan_neck.yaml
S_series,S07_lska_asym,300,0.6051,0.77623,117.0,E:\mastercode\1_SEVER\results\S_series\grouped_clean_300ep\S07_lska_asym\results.csv,E:\mastercode\1_SEVER\code\ultralytics-main-new\0_orange_yaml\S_series\07_lska_asym_pan.yaml
S_series,S08_swift_full,300,0.6122,0.78719,263.0,E:\mastercode\1_SEVER\results\S_series\grouped_clean_300ep\S08_swift_full\results.csv,E:\mastercode\1_SEVER\code\ultralytics-main-new\0_orange_yaml\S_series\08_citrus_swift_full.yaml
S_series,S09_dense_control,256,0.61616,0.78432,156.0,E:\mastercode\1_SEVER\results\S_series\grouped_clean_300ep\S09_dense_control\results.csv,E:\mastercode\1_SEVER\code\ultralytics-main-new\0_orange_yaml\S_series\09_dense_topology_control.yaml
SAGE,SAGE20_shape_context_backbone,300,0.66621,0.81776,166.0,E:\mastercode\1_SEVER\results\SAGE\CITRUS_SAGE_V3_SCREEN_50EP\SAGE20_shape_context_backbone\results.csv,E:\mastercode\1_SEVER\code\ultralytics-main-new\0_orange_yaml\SAGE_series\SAGE20_shape_context_backbone.yaml
SAGE,SAGE21_innovation_pyramid,300,0.66935,0.83033,77.0,E:\mastercode\1_SEVER\results\SAGE\CITRUS_SAGE_V3_SCREEN_50EP\SAGE21_innovation_pyramid\results.csv,E:\mastercode\1_SEVER\code\ultralytics-main-new\0_orange_yaml\SAGE_series\SAGE21_innovation_pyramid.yaml
SAGE,SAGE22_contrast_topology,300,0.66593,0.8268,77.0,E:\mastercode\1_SEVER\results\SAGE\CITRUS_SAGE_V3_SCREEN_50EP\SAGE22_contrast_topology\results.csv,E:\mastercode\1_SEVER\code\ultralytics-main-new\0_orange_yaml\SAGE_series\SAGE22_contrast_topology.yaml
SAGE,SAGE23_joint_core_v3,300,0.66717,0.82315,158.0,E:\mastercode\1_SEVER\results\SAGE\CITRUS_SAGE_V3_SCREEN_50EP\SAGE23_joint_core_v3\results.csv,E:\mastercode\1_SEVER\code\ultralytics-main-new\0_orange_yaml\SAGE_series\SAGE23_joint_core_v3.yaml
SXQ_series,SXQNet-seg_300ep,300,0.59122,0.80111,293.0,E:\mastercode\1_SEVER\results\SXQ_series\old_data_300ep\SXQNet-seg_300ep\results.csv,E:\mastercode\1_SEVER\code\ultralytics-main-new\0_orange_yaml\SXQ_series\SXQNet-seg.yaml
SXQ_series,SXQNet-V10-max_300ep,2,0.0,0.0,1.0,E:\mastercode\1_SEVER\results\SXQ_series\old_data_300ep\SXQNet-V10-max_300ep\results.csv,E:\mastercode\1_SEVER\code\ultralytics-main-new\0_orange_yaml\SXQ_series\SXQNet-V10-max.yaml
SXQ_series,SXQNet-V2-nano_300ep,300,0.62702,0.79947,272.0,E:\mastercode\1_SEVER\results\SXQ_series\old_data_300ep\SXQNet-V2-nano_300ep\results.csv,E:\mastercode\1_SEVER\code\ultralytics-main-new\0_orange_yaml\SXQ_series\SXQNet-V2-nano.yaml
SXQ_series,SXQNet-V3-freq_300ep,300,0.63657,0.81225,281.0,E:\mastercode\1_SEVER\results\SXQ_series\old_data_300ep\SXQNet-V3-freq_300ep\results.csv,E:\mastercode\1_SEVER\code\ultralytics-main-new\0_orange_yaml\SXQ_series\SXQNet-V3-freq.yaml
SXQ_series,SXQNet-V4-former_300ep,300,0.64005,0.8118,227.0,E:\mastercode\1_SEVER\results\SXQ_series\old_data_300ep\SXQNet-V4-former_300ep\results.csv,E:\mastercode\1_SEVER\code\ultralytics-main-new\0_orange_yaml\SXQ_series\SXQNet-V4-former.yaml
SXQ_series,SXQNet-V5-hyper_300ep,300,0.65149,0.8141,277.0,E:\mastercode\1_SEVER\results\SXQ_series\old_data_300ep\SXQNet-V5-hyper_300ep\results.csv,E:\mastercode\1_SEVER\code\ultralytics-main-new\0_orange_yaml\SXQ_series\SXQNet-V5-hyper.yaml
SXQ_series,SXQNet-V7-fast_300ep,300,0.64949,0.81948,272.0,E:\mastercode\1_SEVER\results\SXQ_series\old_data_300ep\SXQNet-V7-fast_300ep\results.csv,E:\mastercode\1_SEVER\code\ultralytics-main-new\0_orange_yaml\SXQ_series\SXQNet-V7-fast.yaml
SXQ_series,SXQNet-V8-texture_300ep,300,0.6345,0.80056,282.0,E:\mastercode\1_SEVER\results\SXQ_series\old_data_300ep\SXQNet-V8-texture_300ep\results.csv,E:\mastercode\1_SEVER\code\ultralytics-main-new\0_orange_yaml\SXQ_series\SXQNet-V8-texture.yaml
SXQ_series,SXQNet-V9-dark_300ep,233,0.6289,0.80636,231.0,E:\mastercode\1_SEVER\results\SXQ_series\old_data_300ep\SXQNet-V9-dark_300ep\results.csv,E:\mastercode\1_SEVER\code\ultralytics-main-new\0_orange_yaml\SXQ_series\SXQNet-V9-dark.yaml
T,T00_yolo11n_reference,16,0.62445,0.78424,10.0,E:\mastercode\1_SEVER\results\T\CITRUS_T_ALL_300EP\T00_yolo11n_reference\results.csv,E:\mastercode\1_SEVER\code\ultralytics-main-new\0_orange_yaml\T_series\00_t00_yolo11n_reference.yaml
T,T01_f14_sppf_lska,271,0.66919,0.82888,77.0,E:\mastercode\1_SEVER\results\T\CITRUS_T_ALL_300EP\T01_f14_sppf_lska\results.csv,E:\mastercode\1_SEVER\code\ultralytics-main-new\0_orange_yaml\T_series\01_t01_f14_sppf_lska.yaml
T,T02_g10_hybrid,240,0.67115,0.83319,140.0,E:\mastercode\1_SEVER\results\T\CITRUS_T_ALL_300EP\T02_g10_hybrid\results.csv,E:\mastercode\1_SEVER\code\ultralytics-main-new\0_orange_yaml\T_series\02_t02_g10_hybrid.yaml
T,T03_n02_moce_lska,186,0.67178,0.83106,86.0,E:\mastercode\1_SEVER\results\T\CITRUS_T_ALL_300EP\T03_n02_moce_lska\results.csv,E:\mastercode\1_SEVER\code\ultralytics-main-new\0_orange_yaml\T_series\03_t03_n02_moce_lska.yaml
T,T04_l06_lska_topology,195,0.67367,0.82957,95.0,E:\mastercode\1_SEVER\results\T\CITRUS_T_ALL_300EP\T04_l06_lska_topology\results.csv,E:\mastercode\1_SEVER\code\ultralytics-main-new\0_orange_yaml\T_series\04_t04_l06_lska_topology.yaml
T,T05_s04_lite_head,285,0.66526,0.8207,185.0,E:\mastercode\1_SEVER\results\T\CITRUS_T_ALL_300EP\T05_s04_lite_head\results.csv,E:\mastercode\1_SEVER\code\ultralytics-main-new\0_orange_yaml\T_series\05_t05_s04_lite_head.yaml
T,T06_b06_context_topology_lite,279,0.66198,0.82141,86.0,E:\mastercode\1_SEVER\results\T\CITRUS_T_ALL_300EP\T06_b06_context_topology_lite\results.csv,E:\mastercode\1_SEVER\code\ultralytics-main-new\0_orange_yaml\T_series\06_t06_b06_context_topology_lite.yaml
T,T07_c03_dualproto_core,222,0.66226,0.82546,123.0,E:\mastercode\1_SEVER\results\T\CITRUS_T_ALL_300EP\T07_c03_dualproto_core\results.csv,E:\mastercode\1_SEVER\code\ultralytics-main-new\0_orange_yaml\T_series\07_t07_c03_dualproto_core.yaml
T,T08_d06_shape_semantic_full,297,0.6714,0.82358,146.0,E:\mastercode\1_SEVER\results\T\CITRUS_T_ALL_300EP\T08_d06_shape_semantic_full\results.csv,E:\mastercode\1_SEVER\code\ultralytics-main-new\0_orange_yaml\T_series\08_t08_d06_shape_semantic_full.yaml
T,T09_d07_deploy_lite,282,0.66379,0.82059,130.0,E:\mastercode\1_SEVER\results\T\CITRUS_T_ALL_300EP\T09_d07_deploy_lite\results.csv,E:\mastercode\1_SEVER\code\ultralytics-main-new\0_orange_yaml\T_series\09_t09_d07_deploy_lite.yaml
